Contig	06/29/10	05/22/13	07/10/09	12/23/13	12/11/12	02/23/11	09/18/13	03/13/13	09/28/11	05/17/10	04/29/11	11/29/11	05/22/13	01/15/14	05/21/11	02/13/13	05/22/13	08/11/10	01/26/12	01/16/13	04/27/10	11/23/10	05/21/14	02/11/10	09/10/14	12/20/11	10/21/10	01/11/11	12/23/13	06/22/11	08/19/09	09/24/09	04/24/13	10/21/10	04/10/14	11/28/12	07/21/10	06/29/10	08/14/13	12/23/09	07/17/14	09/10/14	07/20/11	10/22/09	08/14/13	07/09/12	08/14/13	10/22/09	06/29/10	07/21/10	10/25/11	05/21/14	02/11/10	09/10/14	03/13/13	12/11/12	04/10/14	08/11/10	09/18/13	02/12/14	12/20/11	07/10/09	11/28/12	01/16/13	07/18/13	01/26/12	08/17/11	12/16/10	01/11/11	05/21/11	12/20/11	09/15/10	09/24/09	11/13/13	06/22/11	06/19/13	06/20/12	02/16/12	06/19/13	08/19/09	11/28/12	12/23/09	11/23/10	08/17/11	01/26/12	11/29/11	11/29/11	11/13/13	09/15/10	09/28/11	12/23/13	02/16/12	08/15/12	02/12/14	05/17/10	03/24/10	04/29/11	02/23/11	04/27/10	12/16/10	04/24/13	05/30/12	02/13/13	03/24/10	07/18/13	08/15/12	07/20/11	10/25/11	07/17/14	05/30/12	01/15/14
1126415_scaffold00334	0	6.1942115	77.74651	0.75268936	5.1745667	2.4290602	3.2821124	1.1736797	3.230853	2.1816504	0.5457664	30.686974	0	5.133631	1.2918615	28.173538	6.022775	1.3506565	12.299229	1.9212079	2.9155073	59.858864	0.19869827	10.006413	3.8177826	12.657625	5.0128517	3.2745912	0.15085316	1.9074786	76.442055	13.263709	4.329159	5.0501018	1.5874923	0	0.86401224	0.75819534	1.4672657	24.30857	4.9728785	3.1570747	6.9461417	25.237473	0	9.276545	1.0734725	24.318377	1.5253538	0.6859041	3.324775	0.14778823	9.128273	2.1320271	0.90363646	5.724481	1.7581807	1.4514769	2.864985	2.859451	0	75.13362	10.55099	2.147961	0.760314	10.21053	20.497725	28.95173	2.7913227	1.394655	11.488305	3.7755678	14.877362	0.9090241	1.6957667	1.106128	8.018649	25.159088	1.3840543	78.24029	10.160196	24.611303	60.294434	22.549238	0	6.542903	6.9186535	1.0988551	3.7622862	3.5788395	0.48182622	24.65682	0	2.7534337	1.8303931	7.2232094	0.30485716	2.8496723	2.9315107	31.70091	4.836099	18.546232	32.628036	6.9840474	0.6650186	8.8252735	6.1318455	3.8750548	4.190814	18.458406	4.716496
1126415_scaffold00403	0	0.26933765	30.211424	0.19423221	0.9714021	1.1145267	0.19997483	0.088772	0.081455864	0.27999124	3.101583	0	0	0.071267575	1.7501721	0.45921168	0.15289994	98.799835	0.14124364	0.09800095	0.82221043	20.778261	0	3.742534	2.595956	0.087859675	38.826225	0.3038791	0	0.64584106	48.28532	55.222378	0.053648137	37.76828	0.269445	0	0.81220853	0.6319594	0	17.456568	0	2.9677854	3.3440292	41.58312	0	0.7884649	0.058864754	45.333317	0.48665625	0.850361	0.52507234	0	3.0737426	2.7279344	0	1.0856922	0.29342568	98.695244	0.24169824	0.08833824	0	27.80378	2.518706	0.20307797	0.10423111	0.11584198	8.71751	9.606572	0.3858769	1.9782068	0.38967267	68.851974	54.418938	1.0736297	0.55646825	0.037909653	0.36642438	0.547468	0.037947882	48.31039	2.1017962	16.25077	21.301062	8.9386	0	0.7899865	0.58088434	0.44399622	68.02272	0.22863919	0.3170561	1.0385231	0	0.170126	0.37786773	1.2996725	2.3125317	0.6677955	1.3113965	10.168595	0.08118107	0.297658	0.21524034	1.2201006	0.056102846	0.21964046	2.7494054	0.45438504	0	0.10883678	0.0699008
1126415_scaffold00438	1506.4148	1.2818688	62.171074	4.7179065	1.8694704	9.059463	3.4123635	25.457952	4.893227	112.29954	5.372117	26.721891	0	3.4994109	2.699158	14.461139	1.054281	11.044837	8.152791	1.7917337	644.52893	2.2338667	2.1058884	1.6087803	0.6124051	20.438541	0.22597782	0.69266707	0.17284384	129.91507	11.843235	0.410736	0.42035967	0.21351598	2.3169446	10.102729	26.764383	400.13324	10.759405	28.65339	2.2384224	0.2583785	79.36301	14.25267	249.66411	1.7006141	8.363717	12.18612	402.29178	26.788671	23.892843	2.2013178	1.7222288	0.40713742	21.17791	1.232889	2.4086177	11.682029	2.1884198	1.2459128	585.4541	68.327675	0.95339644	1.6972973	2.5045538	8.310306	5.593562	1.4913375	0.53751755	2.0880032	22.580683	1.8160144	0.2955974	4.726979	128.35828	3.010014	16.679817	8.922539	1.9029788	11.943407	1.0456262	32.388805	2.128635	5.0496783	0.46061793	6.808928	6.941062	4.9036345	1.5703394	5.414314	4.802963	9.597891	1564.5342	1.7773618	108.784004	18.427423	4.802846	12.139417	645.6954	1.7199894	0.33925003	127.2916	15.57215	16.924902	2.872011	96.849754	74.837494	23.819317	1.9411258	125.70124	2.5559676
1126415_scaffold00458	0	0.22563484	52.101765	6.6423006	0	0.43918896	130.02475	0	18.073536	0.027416073	0	0	0	1.3817135	0.13464996	0	0.06587503	0.06556789	4.716112	0.05277811	0.2459994	7.5069275	0.058678906	0.18895592	0	3.24907	4.562479	0	0.35639557	8.090495	41.177116	4.3648834	0.20224428	5.1290236	0.156271	0	1.2393351	0	0.28887197	2.8714905	0	0.26638192	502.33054	9.325138	0	1.0958072	0.5706257	10.458342	0.06552181	0.9159185	8.263346	0.058192436	0.07398233	0	0	0	0.11287392	0.12545715	124.525314	1.0942086	0	49.617195	0.117951415	0.1312404	1.7401336	5.7811337	12.975359	1.4544228	0	0.043932255	2.8260744	3.242218	4.9099216	21.888998	7.5709705	0.12249675	0.1268593	4.520837	0.286114	39.92427	0.071867675	2.6668582	7.8007016	12.943922	0	2.1981313	2.3853552	26.712315	3.1903458	17.525919	5.5209026	4.7324824	0	0.91620827	0	0.1999813	0.0600196	0.43156704	0.41007972	2.1557364	0.058293086	0	0.17387553	0.2920362	2.1754088	0	496.06906	8.723109	0	0	0.37644863
1126415_scaffold00524	0	15.478974	58.55151	2.522803	7.319421	11.518138	21.163933	1.5373646	2.91537	4.4668865	11.528006	29.841406	0	5.1014457	6.1822157	1.6662769	15.675806	30.362047	6.5228662	2.0932043	19.091	10.9299555	0.44028726	33.39704	6.1876426	7.6078234	59.51892	3.4446216	0	3.485105	50.052193	4.469242	11.179992	59.60301	0.9332564	0	3.4774096	6.1825976	3.4680035	82.93635	2.586138	6.9480424	9.042993	16.432253	0	22.361462	2.3786633	14.194914	6.2156305	2.7565281	2.4585505	0.49901384	34.317932	8.9986105	1.4562404	6.376382	0.9437224	29.316221	20.64975	9.740062	6.5763702	50.631435	4.888729	2.0632653	52.347534	6.954707	24.725946	7.2159534	2.6136642	6.3808546	7.2582784	46.50113	5.880004	1.3280896	3.3983054	19.651955	43.34774	12.4308	18.795525	50.124184	4.275458	86.40271	10.371814	23.353743	0	11.134881	10.604734	1.3913759	46.379242	2.7277257	2.1963265	12.405226	0	7.807598	4.008176	31.153778	12.706216	11.564965	16.8012	7.04404	11.09102	25.029797	2.1122832	29.50354	54.862793	4.7166634	9.136845	3.2710755	1.4677358	25.005661	7.5861187
1126415_scaffold00576	0	2.5902255	110.62775	0.41436586	0.6855873	0.5633524	0.9751243	0.64930975	0.39719796	1.4894215	0.13266708	0	0	6.9503493	0.53339064	0.55980605	2.0130553	65.47794	4.2185154	2.1504405	1.1693767	5.491798	0.53130406	3.0891037	1.0208461	1.5708896	5.0759354	0	0	0.2909654	7.48793	4.608387	0.49050176	5.007788	0.4042699	0	260.7342	1.6624326	1.3077856	4.674605	2.3744822	0.70348155	3.2699745	3.2782066	0	0.23254476	2.152788	2.8439043	1.8910245	260.43585	0.10668235	0.6586242	2.3445373	2.3753662	0.43931913	0.9782558	0.6643058	62.334877	1.1785774	3.0691512	0	106.15124	0.75648785	1.8814863	2.0330217	3.8599632	2.6358697	1.7401853	0	0.5220882	1.3617637	8.924081	4.33068	1.5892786	0.2856284	1.7561357	0.8774324	2.5361037	1.8966887	6.5910544	0.6913908	5.1864777	6.548262	1.4528904	0	1.3241799	2.2571712	1.4691277	9.934316	0.51099515	0.8374383	2.4346552	0	3.4738426	1.7849915	3.0178614	0.13586082	0.5210125	1.4955294	2.0856957	0.36286983	3.810057	0.7871719	2.7268531	2.667314	1.8742826	2.9440494	0.29325286	2.5034494	4.3120494	5.8797107
1126415_scaffold00621	0	5.1743307	160.42484	2.6160753	2.626333	4.018918	8.268177	0.2780587	3.8781667	1.2437606	1.9089171	0	0	2.3215916	0.18273428	0	4.329485	10.576215	1.548451	0.24557309	0.28615478	4.3559303	0.6143155	0.7815107	1.6787117	8.366112	4.3587027	1.8690565	0	1.1961819	44.124958	3.6754165	3.0583456	3.8409352	2.46701	0	5.003326	2.4587142	19.355076	1.143909	1.4642526	1.2394578	1.1426656	6.245424	0	23.67718	18.8806	6.872715	3.1249042	5.7778945	8.36956	0.40614843	1.0972488	2.4413295	0.3386392	2.1882708	2.4421568	9.558808	8.3782015	2.3796206	0	163.01517	2.0123413	0.050887752	4.8319182	1.3546379	28.853716	7.2023773	2.481811	0.10220695	8.527671	3.3642108	4.057053	5.092404	1.0091134	5.4147096	31.349796	7.362306	6.7038946	42.902546	1.50478	1.4418579	5.0127687	30.030653	0	6.9284835	7.505406	4.6887145	3.452632	4.344715	2.7144961	6.6560254	0	2.9841402	0.9172802	1.2406666	2.2690468	3.6479635	0.42401654	8.898025	2.678435	26.105743	0	1.1889722	5.7639375	12.933936	1.489627	8.439101	1.2252238	23.931688	2.1019092
1126415_scaffold00701	25.852177	10.995175	86.02167	16.128933	4.9213257	2.911468	14.007611	354.19675	189.22774	1087.8214	13.868984	0	0	11.111383	39.235756	55.49806	11.566975	55.790817	23.074604	3.1887455	519.7019	59.039806	4.5792937	45.559616	0.3405926	9.13218	4.618698	3.2958632	0	12.734217	274.35785	31.775644	19.747078	4.5995107	1.9107946	0	206.87823	260.86584	14.035166	37.38146	0	0.111765645	23.953213	30.411106	0	6.396507	15.801519	33.16642	253.76874	205.43318	432.181	4.980813	47.329308	0	356.23434	4.479765	1.5628276	54.21709	15.837934	0.77846736	0	80.61561	10.1452	3.1937366	2.1196637	21.463812	13.307702	38.130714	4.045701	39.51032	10.530723	18.393257	31.071259	2.0793846	13.817972	10.690338	5.411336	11.974605	8.540317	267.93073	7.37252	36.49923	58.912807	16.068193	0	19.813889	20.082056	3.0097306	18.939775	189.03409	15.187944	9.8016615	0	1.0955763	1093.7448	148.84921	15.260518	2.3901532	514.62195	38.469597	19.554153	4.708067	53.839172	147.31094	3.0424483	2.0050297	24.984293	435.6062	0	6.1973104	10.613986
1126415_scaffold00772	0	24.429226	145.18285	11.109732	1.0830886	20.424225	56.76736	2.068651	29.450294	7.045878	1.5369716	0.38024697	0	10.367082	12.8885145	1.3897398	22.414652	0.60181504	9.525101	0.6228308	20.450178	127.40826	20.927853	35.51252	25.545635	6.61783	171.60545	8.271254	0.23365554	211.92958	224.40858	43.60812	2.1593688	169.71878	11.738118	1.7071468	4.6839223	5.026279	66.43681	61.944286	1.1003518	25.148441	61.04251	74.47511	0	5.0648556	68.41991	75.51126	4.940006	4.711481	40.827015	18.770481	32.06072	18.162561	1.4632571	0.59999645	11.307348	0.65800506	54.957455	15.220743	0	152.69627	2.1136816	0.516253	26.42343	7.9620485	25.592926	77.80806	8.537932	13.249062	5.5400405	426.76096	44.26653	14.079822	211.30388	201.25627	1.016521	5.7731495	212.01723	218.85645	2.0260298	65.25762	131.79193	26.837679	0	8.832616	8.8703985	14.511876	438.01105	28.36203	10.895947	5.641182	0.57464606	14.536283	8.538609	33.03952	1.65267	19.69252	17.803928	75.772	2.4841292	6.3758035	1.2159368	34.46299	22.027084	3.8671408	60.212555	38.163975	1.3810908	8.454066	8.193842
1126415_scaffold00777	1.6043775	354.0108	76.99875	2.4094448	0.7973074	131.53174	18.144415	274.863	5.831784	14.470508	75.94722	0	0.16746047	4.5466566	10.5748	9.393424	348.21594	1.5246844	2.6031542	4.7238584	14.246915	18.442797	15.601542	4.283353	1.8995174	1.7023147	3.0920925	9.791198	10.789325	3.2643697	62.436268	1.5006176	42.896458	3.0133266	628.0881	0	2.8307137	2.6406524	183.64822	2.6405158	8.560391	1.869983	88.96097	2.4176242	0	12.133704	183.26323	1.4301982	2.975357	3.6166978	1.654224	17.846645	3.870787	12.154757	271.86716	0.6022947	648.26526	1.7889234	18.617762	2.7552378	9.998121	73.908226	0.2587534	3.857938	363.2915	2.6276865	9.585453	8.095031	10.248291	9.0207405	1.9151361	91.56151	1.9165013	7.39304	4.0483594	89.162834	41.35462	1.4488158	95.60104	64.829216	0.4729745	2.8180623	20.377588	10.231749	0	0.88664484	0.92646676	8.272881	89.22888	7.2392216	1.5732284	1.4723253	221.50931	2.6530843	14.196239	56.856125	75.12902	138.33778	14.873447	6.544464	45.69124	3.164947	10.756487	54.58322	357.52158	50.27857	89.729836	1.0989066	13.586534	2.391636	5.945948
1126415_scaffold00816	3.7952805	0.43636683	75.69663	0.56643283	0.9691386	0.23782364	4.762635	1.5532967	0.8908012	0.44537938	0.6347397	0	0	3.9488692	1.1240879	0.6695917	0.31212783	0.68052083	1.5961281	1.1431874	0.19981538	14.518033	7.1493764	0.9663635	0.8547337	0.29892588	0.23654789	0.9667553	0	0.4913333	0.6570344	0.48506972	0.82137424	0.26820377	4.140421	0	0.6415001	0.67898583	2.1117516	1.7572843	3.6921957	0.96165025	1.1473035	3.5385606	0	0.6861033	1.5449874	3.0338888	0.44350597	1.4306995	1.7864591	7.090105	1.126741	1.7047249	1.576427	0.96361613	3.7895613	0.7076652	4.46409	1.6101112	0	77.30547	1.1177503	0.59222937	1.5958196	1.351304	0	0.45004535	0.7877237	1.1597428	0.18939818	0.3915253	0.41256523	1.4536738	0.40570238	0.71860504	0.6487874	0.7450624	0.66399676	0.9413315	1.1675042	2.0848224	14.746645	0	0	1.5358739	1.3763857	1.8497303	0.66611165	0.7779015	0.6934649	0.87363744	0	1.3643649	0.3443634	1.5341247	0.8937775	0.46739265	0.43178493	0.894337	0.5524064	1.5190871	0.78462267	1.1860461	1.3088866	0.555126	1.1106011	1.8707404	4.27773	0.952191	3.5673637
1126415_scaffold00868	8.41019	14.751247	100.30322	23.93511	21.634178	4.5763626	31.441647	22.955734	19.766655	7.219118	14.566125	0	0	40.20923	419.96902	45.46968	15.629966	144.46089	9.265009	55.51517	6.4429426	6.287896	6235.4077	6.3561444	20.321064	13.369822	8.228805	0.87986946	0	141.52036	30.897356	4.907823	12.693169	9.206033	7.6073422	0	277.32056	269.53275	15.050275	15.2319145	5.6129174	15.503954	67.20795	28.052252	0	15.719512	16.24866	26.584238	263.96176	276.5449	14.157529	6223.2095	6.7193146	8.274747	20.70136	22.551748	9.282046	143.47556	28.47075	111.069305	0	96.60564	58.297184	63.140423	10.907804	11.5957985	49.658997	7.4897947	0.8583631	428.05096	13.868905	40.145573	5.0541677	31.403717	138.92325	44.789692	21.654188	18.433277	44.31687	32.841343	56.012955	15.073833	6.573703	49.6082	0	18.121988	22.961304	31.553381	43.135647	20.806196	22.200123	17.02315	0	114.69203	7.5577593	16.801903	13.775835	4.091812	6.4159813	8.567997	10.7529	11.51194	59.33199	17.785255	10.040555	2.2652287	63.704258	15.201877	7.1191306	11.224716	35.19744
1126415_scaffold00959	3.4152772	0.3802752	71.66317	165.59483	2.5174484	42.40056	2.223447	1.4100336	3.1698735	48.799168	3.6300387	0	0	233.53107	3.143971	0.9378013	0.43715274	213.62517	2.2434807	1.0118057	47.015274	67.01852	240.21571	70.46772	63.712494	1.0233978	60.89763	7.196237	0.262786	2.809906	240.74629	130.51408	1.1077747	62.489845	397.9886	0	296.61386	17.11725	2.8115723	134.40347	1.2375355	58.13885	1.7042496	225.13136	0	2.3633606	2.9919806	219.12369	19.034962	297.98373	1.482689	233.24692	73.99762	15.474953	1.5741338	2.0993767	398.1906	222.6288	2.6873543	142.98036	0	71.76466	0.17394146	1.290257	10.926844	2.0853407	1.0357759	45.960403	10.909937	2.6238465	1.5267355	121.102745	135.17447	8.404832	2.7679431	2.1075182	2.348866	1.2753918	1.6877147	236.27228	0.4769205	132.16364	64.02001	1.1042781	0	1.4639286	1.7299933	9.067284	122.15999	2.6026833	168.62355	2.0302346	0	142.6108	44.452034	130.35017	3.8501909	47.689552	44.952297	47.172806	0.94560486	10.953036	1.3675308	118.86273	12.653967	6.2331753	1.6524128	1.1038293	0.93196505	10.458863	215.61794
1126415_scaffold01134	0	1.4514223	109.90331	4.8783216	0.35423106	1.8834229	3.3483686	0.15376492	29.206123	0.1763571	107.02294	232.24641	0	2.7157884	6.026972	0.68178487	1.324215	0.035147764	1.7737324	2.716011	0.158242	6.870183	3.2084007	0.37139702	0.1450497	6.391754	0.28099796	0.2392541	0.28656954	3.6478777	29.289242	1.519125	0.6040171	0.21240157	0.86162686	0	0.23447552	0.05761251	7.7115417	1.9609833	0.6747695	0	8.332244	0	0	5.1985703	5.607887	0.10921187	0.31610748	0.056651473	1.5158253	1.6844833	0.41641244	1.3500415	0	0.24529085	0.834986	0.06725149	2.791023	1.453629	0	114.05126	7.7770467	1.9698448	2.7081323	0.93638384	5.944837	6.5490217	0.08911868	8.901879	6.6146555	0	2.450455	4.2506733	3.297474	2.4295886	15.368705	1.5804789	2.3005774	27.396353	11.384069	2.3557754	7.315087	5.8490744	0	9.065395	6.9802976	5.2735577	0.025525218	36.369076	3.569691	1.2453645	0	1.694415	0.1636293	1.1792029	106.51067	1.2492474	0	5.4237967	0.46872136	3.0075686	0.4660311	2.465606	2.4294395	0.45653576	7.143504	0.740758	0.6775419	2.6392767	4.7220216
1126415_scaffold01135	0	0.05184885	34.433353	0	0	0.28258067	1.0393963	0	0.35281494	26.548061	31.864697	0	0	0.12347429	5.4508348	0	0.05298121	2.3906167	0	0.25468662	0.23741947	12.357961	0.28316158	0	0	0.101480566	33.10319	0.909382	0	4.0865955	3.2870924	0	0.18589565	35.231644	0.14363866	0	14.658207	22.301346	0.27879676	0.25309032	0	0	1.7659887	0.3409052	0	30.009056	0.6119151	0	19.23445	14.562894	0.6064744	0.18720937	0	0	0.07804589	0.16356616	0.18156189	3.4979095	0.27916873	0.076524995	0	36.456924	0.5059446	0.21110505	0.36117023	0.066900484	0.71355027	4.9463563	1.1588185	5.9006658	0.18003346	4.9214115	0	0	3.805683	0.13136037	41.44643	0	0	3.6816785	0.46240723	0.483351	11.64916	0.86036265	0	0	0	0	4.902008	0.26408514	0	0	51.813747	0.22106324	26.759754	0.107225776	34.03167	0.50907385	0.4397523	6.5436625	0.28129974	34.552296	0	0	0.19440143	172.89067	1.7380227	0.6483175	0	32.810246	0
1126415_scaffold01148	0.098439395	1.8742913	90.91105	2.027461	0.17789161	1.1822972	1.7395039	1.0038513	1.9839487	0	0.14199722	0	0	1.1158724	0.036247786	0.22825743	1.0108132	0.6354319	0.49144953	0.34098896	0	0.17037745	0	0.40693566	0.43705583	0.6623563	0	0	0	20.371073	24.920362	0.5261316	0.09333289	0	0.6129933	0	1.4130175	0.05786495	0.74653804	1.0800899	0.8471578	0.5736804	18.85303	0.79874086	0	0.37611407	0.5120418	0.3290712	0.052915435	0.85349566	1.0149782	0.093992464	0.62735564	0.6779785	0.7053229	0.9033408	1.0574214	1.1145117	1.8221141	1.1526304	0	85.52849	0.6350508	0.4946191	0.9066662	0.4030658	0.47767088	0.73831534	0	0	0.8587017	0	0.21877265	1.4675715	18.979864	0.19785686	0.20490327	1.0794348	0.0660188	25.223364	0.87060547	1.5167294	0.19334577	0.17278539	0	0.7444436	0.8842555	1.655208	0	0.994422	1.7467006	1.1118414	0	1.3318743	0.36977908	0.9690299	0.24235927	1.2082502	0.4415741	0.6177649	0.094155036	0.17261411	0.09361463	0.35377282	1.464051	0.5604332	21.395138	1.4880075	1.531149	0.09467291	2.3105524
1126415_scaffold01154	15.490776	0.3652895	60.1502	10.66882	1.1589731	0.85322523	1.2785902	10.371353	5.1844163	5.0155063	5.2186213	0	0	4.349553	1.2352787	0.11439301	0	4.953693	2.0934973	8.031797	2.8674612	0.45539197	2.849931	3.3649938	1.1681812	0	0.47147137	3.0348227	0.28849173	0.46516392	4.797113	0.31640998	4.724226	0.5702034	5.818851	0	0.11802414	3.4799373	9.259802	0.12736367	2.2077107	0.71876115	1.5591327	4.574803	0	1.3748869	9.0328045	5.7171097	4.19	0	5.595307	3.4857748	2.7248363	0.67954856	9.268982	1.481617	6.2130327	4.129858	2.3882825	1.0782796	0	62.69718	0.31826067	6.940703	0.27262977	1.9526628	6.4634905	0.470925	2.0634785	0.28449494	0.2717969	3.2282336	0.16445947	2.6744907	0.6894538	3.0408306	1.3463653	0.19092964	4.036473	4.7374015	0.58174765	0.18242902	0.7751741	6.2346787	0	1.3201426	2.025836	2.2120545	1.9529288	5.5816584	11.149486	0.13930202	259.3254	0.37082183	5.394804	17.051254	4.761242	0.60552406	3.8358376	0.5629049	5.096146	5.62295	0	18.675184	0.3913177	1.4809271	0.9718135	6.1522455	2.2167814	6.5475583	4.8755856
1126415_scaffold01185	0	2.2314734	143.3682	3.1897073	3.4491882	0.24130398	1.5384567	3.1520555	0.7230698	0.49708688	0.04830214	0	0	1.7713643	0.07398085	2.795207	1.1943947	0.97267574	1.2537956	5.567601	1.1353413	4.5205703	16.926003	2.6992736	935.72925	1.611825	0.5120204	0.14713544	0	0	51.3671	375.13962	1.7144111	0.54425746	1.8030623	0	6.0081964	0.4724038	0.4761456	14.977206	2.5935426	943.4267	0.031747997	44.365017	0	0	0.4180259	39.066265	1.1879903	6.3872	0.31073186	11.989771	2.713266	764.5151	2.799119	3.0169575	2.0837517	0.4825103	2.145514	2.3524904	0	154.8168	13.155649	5.0475273	0.4626209	1.5081872	0.365593	0	0.091343015	0.18103303	1.1530192	12.896149	380.92853	14.159492	0	0.134607	0.20910127	2.4622886	0.2694855	57.01989	12.082814	11.268011	3.4528725	0	0	2.454401	2.1270196	12.949917	13.002667	0.6765303	2.3453772	1.8437583	0	2.491796	0.7127817	16.481386	0	0.28453952	0.9763454	0.11462208	1.9697235	0.0880753	3.439173	19.856146	0.19920616	0	0.1978865	0.664341	1.7361321	0.3864502	2.1096914
1126415_scaffold01207	0.20250943	26.562113	111.49789	7.9073143	32.021362	9.582951	24.81097	9.134193	20.771297	24.596416	10.418822	0.4817978	0	13.645897	74.41978	2.5826406	28.236662	7.2985883	24.769735	14.468071	18.228115	2.6579607	12.088615	5.022886	9.590516	23.321402	4.548047	2.620055	0.29605687	11.758179	35.521324	24.082449	11.760264	3.840086	16.245281	1.4420445	7.630503	9.285098	28.891811	29.93111	2.2656035	7.2285714	26.816301	31.220211	0	6.4857755	24.754238	27.755562	6.31374	6.906187	35.287403	16.435703	7.2826457	15.342106	7.899833	26.270336	15.002252	7.8510094	29.122585	26.636368	2.4269106	121.4456	32.725967	15.335629	15.201322	24.8065	32.305084	5.5921717	3.130349	74.52158	25.707518	2.7059464	23.853123	14.272044	11.739813	18.452068	5.97163	16.00147	19.828815	38.7005	32.059055	24.025652	2.3202128	32.10934	0	35.22378	33.783092	8.9667425	2.8743594	23.253061	5.484527	17.654936	0	21.46279	25.906376	12.514671	8.475882	8.269437	23.39145	5.3722935	11.1375	7.279583	2.3110073	15.889888	15.761986	2.8823063	26.694326	36.877026	3.3248718	7.9852023	17.762205
1126415_scaffold01239	0	0.37759146	90.48445	0.61267316	0.2764625	0	29.196442	0	0.5138779	0.045879778	0.2942384	0	0	3.8537438	0.2253317	0.2364909	0.1653591	0.036575142	0.19094123	0	0.9880099	0.4118873	0	1.0891702	1.0565821	0.4223066	0.38987938	0	0	0.40490893	9.147884	0.10902193	0.0966995	0.44205475	0.22415456	0	0	0	22.333841	0.987397	0	0.29718682	37.809074	2.1279912	0	0.06876722	22.38759	0.7955293	0	0.058952134	0.10515895	0	0.9595017	0	0.08119608	0.34033644	0.2644464	0.13996525	28.317593	0	0	88.04409	5.0004783	0	1.2211816	0.1392016	3.216856	1.2517314	0	0.07351899	0.70237577	0.28020206	0.113332	5.52912	0.739068	0	0.21229433	0.13157308	0	8.1454115	5.35192	1.0057212	0.33386657	2.7449417	0	0.17799148	0	8.574564	0.23905633	0.82423335	0.7619814	0.21598999	0	0	0.21284299	0.11155376	0.15066084	0.04814742	0.9912545	1.6873997	0.0975513	0.35768098	0	0	1.2134886	0.07917935	34.020473	0	0.3525287	0.39235142	2.8978746
1126415_scaffold01278	3.0157151	501.0446	59.61661	3.5696423	16.537184	9.342254	19.968485	21.861715	3.0688784	6.689461	15.950438	34.142162	368.17468	9.954261	10.721682	10.489084	516.82043	7.7941036	5.9703555	8.375035	10.493587	7.169389	15.418873	3.0808203	6.925507	3.659996	13.085188	3.3000836	18.243303	4.876779	30.509762	9.782063	181.21893	14.197782	28.454489	42.20857	8.023233	52.01978	24.94054	4.899562	3.4007232	6.8178263	3.6151354	4.8216004	0	67.19422	25.85572	5.330278	51.035984	9.737521	4.9321685	17.475481	2.5878062	12.891747	20.697071	15.441956	28.92767	7.7063346	22.209913	9.253948	7.97592	60.853542	16.301895	11.196633	19.922054	4.5418005	11.605931	7.3740463	2.2693536	10.981736	4.105921	4.4153123	9.186574	6.4831753	5.409489	82.00298	60.343487	9.524874	81.03956	29.512905	13.611515	4.4222226	6.8423123	12.229402	1.2154312	7.5012484	9.274446	6.6444583	4.54989	4.8322783	2.233655	10.056962	4.112816	8.5200205	5.946259	5.3458395	15.873573	9.523764	7.8523045	9.314371	171.67528	504.09955	9.197082	4.1109343	20.724516	525.4577	3.6189814	4.4701276	3.2349741	490.9555	11.304941
1126415_scaffold01365	203.15836	22.967829	102.959335	6.457186	16.705439	14.975752	32.0375	22.935009	14.004091	789.1433	236.3544	225.55946	0	19.22491	85.178055	56.08044	22.656137	148.94899	33.60707	4.1888695	32.193516	22.170263	265.97794	10.886689	15.749066	22.866207	30.989317	9.708763	0	38.887436	49.512978	26.082796	19.771534	30.904541	8.1898155	0	167.40994	237.83138	63.788185	29.762697	0.55503386	19.732609	44.36655	16.820757	0	73.7567	58.48453	19.763166	244.76105	176.70285	14.629671	259.2569	11.743592	2.9612827	22.506357	17.844975	7.1668215	147.33011	33.671223	13.341352	66.470825	97.59459	18.306963	6.0182657	45.343693	39.905025	27.77489	18.542728	9.236413	95.07329	21.862328	27.70593	23.351444	9.03238	38.584885	32.263527	78.285805	20.939121	30.710096	52.683773	16.351355	34.581398	19.880892	33.080757	0	32.828552	33.380978	9.278034	26.062849	14.405769	4.81848	20.184057	0	17.128944	795.80835	26.57095	234.15782	13.396502	31.743395	22.383465	20.459763	322.6889	55.404747	23.564503	48.279984	38.386997	44.007584	14.014197	0.92885715	344.14658	21.246439
1126415_scaffold01456	4.541467	6.092721	80.49547	52.186356	4.2035685	35.600506	12.657537	5.6478453	48.475174	37.122	40.58419	0	0	55.80529	342.40933	1.0273733	7.004007	4.131171	45.8987	0.47961605	18.420486	2.4283864	41.059402	3.3960798	11.147255	27.003036	0.74100673	37.639236	43.722595	140.50185	39.229923	22.615232	25.782768	0.6801388	16.026815	0	5.6311693	12.501443	5.460201	11.653112	0.19065036	9.037357	87.97198	25.037203	0	36.994133	6.3378425	22.34038	13.218394	5.890352	22.042322	43.89191	4.13469	2.288656	5.291029	3.6038516	16.452726	3.4962456	12.459559	76.43538	0	78.179276	2.429577	0.95410776	10.610213	42.78431	65.977165	29.45487	33.38831	336.1917	27.817581	0.9959441	26.709522	61.100433	138.00227	22.337765	31.741034	33.009037	23.251732	43.23154	2.873599	12.151544	1.8855156	67.01154	0	7.0235763	4.832835	66.18078	0.63465005	48.8612	43.86055	36.359608	0	75.59968	36.66202	3.513468	37.197807	31.58376	18.46718	24.835125	21.242287	118.77257	0.6320309	3.9807768	9.774585	26.973303	90.9524	20.615541	0	115.37124	61.850613
1126415_scaffold01478	0	34.208637	29.039454	7.9431467	1.5114365	21.215586	4.466694	76.28088	0.4013429	3.0099285	6.2199907	0	0	5.6183033	2.7923098	301.24792	33.931175	1.0797755	6.54169	17.479624	5.5815578	1.1902434	4.402158	10.9487	1.6503986	1.5007033	2.131493	1.1433539	0	1.1898425	37.81282	5.185454	22.150927	1.8528332	6.209028	0	1.2005547	7.210767	3.3828685	44.69673	8.061517	0.649895	1.1277989	25.077412	0	1.5288811	3.7124324	25.34965	6.1743717	1.1602609	1.437275	3.9397435	10.254401	0.76804936	88.24804	1.3024472	5.9482026	1.1477972	4.604722	16.45257	0	21.918814	2.7337904	20.812265	2.156949	6.5447993	1.2175434	11.2534075	0.76050484	1.72831	2.047962	0.55704755	3.7175555	3.173942	0.9524099	7.0231323	1.0058753	9.351129	6.207531	35.095013	3.5505617	47.76679	1.1316661	1.2396884	0	3.8274863	3.7207134	4.125232	1.5102357	0.30040878	6.561129	11.414688	0	22.38078	3.304695	14.514925	7.0286636	21.637074	5.7527385	9.734084	19.999447	6.6485724	300.86816	10.420078	3.4276764	5.3388295	1.6841786	1.5276587	5.2036963	6.6495247	4.5462084
1126415_scaffold01539	0	27.033613	74.225174	4.298502	6.685932	8.203534	13.813205	30.45114	2.7040172	1.9971904	15.2716465	0	0	4.874994	13.874988	2.3756943	29.777334	2.2453408	1.1366638	5.9149995	2.113691	8.997763	2.740133	1.4117901	764.5454	2.2979262	13.381629	3.00127	0	2.9659257	45.99573	20.930323	137.56174	10.402769	6.1298137	0	1.6340702	7.963164	19.209013	4.9962373	0.5878123	760.28735	93.50566	11.48022	0	95.99677	19.067087	13.192439	5.079063	1.7766297	8.275017	1.6304498	1.6582838	307.3443	32.26403	5.4132357	6.0298886	1.9137709	13.129264	2.6658957	0	71.82949	4.0391893	5.1479754	17.405184	0.77686906	9.183612	11.332484	3.4158957	14.606734	2.8745806	1.5069127	25.109999	2.0057325	3.5354214	57.431206	80.72381	0.51400656	60.69569	43.94337	3.8258514	4.3499365	8.906446	7.39319	0	6.489895	6.3546567	3.1902478	1.2748522	2.6833086	5.95355	0.72325003	0	2.9093287	1.7105094	1.1206249	14.910574	10.587	2.212834	12.144936	137.14021	69.86626	3.0312717	0.81823415	16.253635	86.78746	92.35342	6.1840944	0.98371226	73.57294	4.7815013
1126415_scaffold01581	0	0.42748535	107.56867	0	0	0.22188872	0.8161574	0	0	0.1558266	0	0	0	0	0.55273044	0	0.18720919	20.952486	0.14411445	0	1.3982036	4.7630534	0	0.31821677	0	0.2390545	1.9127198	0	0	0.085952334	7.1141543	9.750795	0	1.0843443	0	0	52.554455	0	1.313505	2.7574096	0.39747778	0	0.10947585	0.8030594	0	0	0.84085673	0.7719843	0.062068455	58.399162	0.2381087	0	0.35041532	0	0	0	0	21.352467	0.49322155	0	0	106.77021	0	0	0	0.3151906	0.14007394	0	0	0.5410182	0.2650619	0.6632932	8.660748	2.190903	0.089649245	0.38680175	0	0.7447939	0.07743836	6.80651	0	1.9214118	4.309004	0.27023047	0	0.13434051	0.59269094	0.5177378	0.72171885	0	0	0.4075505	0	0	0.24096748	0.12629415	0	0.4360759	1.4675395	0	0	0	0	0.4149665	0	0	0.18954647	0.21817437	0.59866625	0	0
1126415_scaffold01603	0.58245087	1.4170424	126.15825	2.9990447	1.7893476	5.764269	3.9797196	1.5534431	1.2577202	5.187849	0.72815233	0	0	7.482773	37.404026	0.40516934	1.573902	23.769997	0.7996538	2.7237327	6.0185366	11.962756	0.2243153	20.827265	1.3791962	3.316129	16.550636	5.8579516	0	183.94942	31.784746	49.497337	0.8283547	16.409307	1.536136	0	7.036846	7.943171	1.4355742	53.606926	0.40100026	1.0183139	15.90423	51.581215	0	2.4610412	2.1813645	54.90721	6.073995	7.272005	1.2611488	0.11122782	21.211243	13.639084	1.9475346	2.721055	1.1650225	24.219418	3.9807403	3.1826377	0	130.48256	2.9308486	2.8429687	0.7510448	0.9539516	3.3209093	10.802105	4.9783535	39.21455	1.9788406	15.361846	46.34111	5.683677	183.5706	1.2487347	1.1584978	20.062227	1.4062433	29.239405	4.6017737	51.04557	11.401841	2.6580963	0	3.3205109	1.9433159	3.5257008	14.956691	2.275086	3.590039	20.887041	0	2.7143934	6.3692975	31.598518	1.2045623	5.2242928	9.144543	11.0985775	0.8913616	3.8810594	0.3323421	32.235584	1.2705097	0.9345084	17.822285	1.1555662	0.6039717	3.024892	8.0588045
1126415_scaffold01711	0	0.1269924	59.375156	1.0302781	0.5423862	0.11535324	0.70715934	0.3767031	0	2.5382988	0.1731781	0	0	0.6048465	0.57469577	3.4797504	0.25953174	0.08610723	0.4495245	0.5198326	4.070549	0.10389514	0.4623615	1.406166	0.35535204	0.49710885	0.19122411	0.117228	0	0.44684026	8.352926	0.12833275	0.5122245	0.13008873	0.1319293	0	0.14360827	1.0585711	0.9104688	0.30994466	3.306187	0.52474034	0.1517685	1.2524589	0	3.3188603	1.24896	1.0702168	1.1616305	0.0693942	1.6711044	0.34389627	1.5302309	1.6537089	0.19115631	0.5007743	0.13340881	0.04118925	1.8803475	0.9371561	0	62.880672	1.7813507	0.2585278	0.4423037	0.24578711	0.5825617	0.32743287	0.054582156	0.7356006	0.99214315	0.32983366	0.066703126	0	0.2796356	0.16086923	11.71742	0.5420742	0.16103147	7.3052883	0.92020917	0.1479828	0.039300367	0.35121164	0	0	0	0	0.31266654	0.32340935	1.9060178	0.33899713	0.863309	0.360964	2.1045647	0.6565651	0.41380984	0.056675673	4.0390387	0.4794482	0.57415175	0.6315543	2.055083	0.28763807	0.47614375	1.2427229	0.15766317	0.7939559	3.3197708	0.92369556	0.74155843
1126415_scaffold01828	0	1.315557	109.46041	7.1509075	0	0.17924744	0.14651401	0.1951197	0.9847142	0.61541706	0	0	0	10.025292	0	0	0.53771526	0.089201376	0.15522583	0	0.3012013	0.035876155	0	0.42843956	0	0.12874293	0.039619096	0	0	0	30.077257	10.037288	0.2358358	0.044921096	0.77446324	0	0	0.07310728	0.2357963	9.6324625	0	0	0	16.722872	0	0	0.38815188	17.323025	0	0	0.5770511	0	0.7171222	0	0.09901262	0	0.6910134	0	0	7.4754024	0	101.66872	0	0	0	0.16974609	0.3771845	0	0	0.04482549	0.057099693	0.03106234	10.641401	11.630563	0	0	0	0.2406655	0.08340895	28.438349	0	6.5919156	0.08142514	0.14553277	0	0	0	11.431948	0.032390174	0.5025459	8.943359	0	0	8.974433	0.20763707	1.6323789	0	0.29356116	0.74385345	0.07095378	0.29739153	0.109041385	0.11827386	3.1287262	0	0.32184458	0	0.4699917	0	0.71766543	7.2211294
1126415_scaffold02275	0	10.903995	157.05003	2.9886193	11.453974	1.3384618	3.9385347	0.9834626	0	1.5666107	1.1386671	0	0	3.5090644	1.0258901	1.4535391	13.17482	2.4478335	1.6517028	1.4476078	4.1608453	3.6567187	0.804728	3.4551451	1.2369617	1.1536064	0.7100171	0.06801074	0	8.917782	48.752083	0.297813	0.3301901	1.4591253	1.3266901	0	1.083101	2.4565532	6.2065334	11.058734	0.9590551	0.6088644	2.2452672	19.861052	0	0.9392502	4.202645	19.09251	2.2464304	0.72467256	0.07181514	0.5320376	4.6502523	1.9188244	0.66540504	12.085971	1.5995623	3.7278173	4.5619383	5.002026	0	146.07843	5.212256	1.8998345	3.8490896	1.8062075	1.8588777	2.2795532	0.12666507	0.9037364	1.5988879	0.86979806	0.8513636	2.4543653	8.724519	3.1732044	1.1920581	2.7854702	2.9895573	49.203083	5.092266	10.388259	3.7848687	2.4450984	0	3.8086896	4.9158854	1.2492248	0.43535027	0	3.6426063	3.0484135	0	6.910731	2.616385	3.199656	0.75452155	1.7098033	4.3741226	1.6689337	0.66619736	1.0992035	0.66237366	3.0037584	5.386651	1.586146	2.1495337	0.06580281	0.48149776	1.4736955	3.2696793
1126415_scaffold02397	0.43007702	5.4591265	116.33427	4.3059144	2.7201998	10.468545	6.5865006	11.020676	2.6828835	168.25264	9.305686	0	0	3.791817	7.971031	40.38846	4.1062865	12.904057	18.161053	6.207352	254.60638	5.045181	3.036598	13.976133	3.3946242	4.4520054	3.5164647	5.5993066	2.0958242	2.2054417	38.635307	9.271196	3.601941	3.3656948	1.4703506	0	34.55393	22.41575	4.484685	41.17438	10.610084	1.2531912	4.1682367	16.118908	0	2.8031478	4.026755	19.00954	23.1185	35.714397	2.4389153	4.243369	12.790805	0.98735195	7.875002	4.903417	1.8054484	14.509379	5.919517	4.7000675	0	124.87682	3.3294077	6.9974174	5.1495357	16.924929	1.8260561	9.872487	6.582865	7.698787	4.014899	9.273526	9.08017	6.80034	2.4116054	4.0339932	2.1219854	17.199528	3.9419174	40.822266	1.9440793	44.17679	4.833667	2.1807966	0	5.504127	5.2430096	7.0708246	8.77389	2.2205641	3.2131586	21.555521	0	6.03441	173.70125	244.45383	8.541439	10.219192	248.01144	10.8777275	4.0450287	17.848047	40.899784	229.9534	3.8378212	7.197123	3.8594642	2.2347305	12.140236	19.853828	2.6564984
1126415_scaffold02533	0	106.87293	63.064205	12.676176	1.7350651	1.3483022	55.684086	165.11552	25.836023	18.405962	3.6222277	0	0	17.48827	0.9790412	0	107.21125	37.345013	1.0139782	0	3.4580839	6.860152	11.946339	1.5774413	66.23771	3.8226569	12.751925	0	0	8.613164	32.255375	7.579012	107.76811	12.271005	41.067245	0	43.200836	26.482708	117.48188	12.679719	0	72.74007	41.594242	35.442566	170.55215	33.829212	119.24607	39.008926	28.266977	38.164932	18.580761	11.706259	2.2413592	78.3346	158.63698	0.49290803	39.941097	32.281757	46.059937	20.06296	0	62.849693	14.48435	0	45.440266	3.729696	17.38151	1.5107319	0	1.1712502	4.814975	12.690963	5.170357	21.42088	8.219063	97.47945	22.444954	0.8575057	91.13862	34.40783	14.370142	15.840334	5.5606847	18.667515	0	8.936526	7.2977242	20.69752	13.464284	22.879908	9.104494	0.41709006	0	21.650719	17.755762	4.362199	3.6366925	1.1157079	3.6442928	2.443855	111.75502	140.5151	0.9833061	5.1315455	53.74994	8.065487	42.239838	16.257662	0	140.92381	14.780674
1126415_scaffold02572	0	0	111.803566	2.8109374	1.8833917	0.92985916	0.8769833	0	0	0.66975963	2.2908452	0	0	0	10.197216	0	0	0.9076796	0.09291292	0	0.600963	2.3621676	0.43004802	0.20515953	0	3.0824463	0.5691515	3.9252663	0	0.48026213	37.19211	0.31830359	0.21174498	0.21510597	0	0	14.425753	0	3.951911	0	0.25626037	0	2.587965	0.1725818	0	1.4723483	4.027132	0	0	15.662769	1.5351255	0	0.5873879	0	0	0.99365604	0	0.9194548	0.21199197	0	0	126.53277	1.9209923	0	0.41139203	0	0.99338746	0.8121314	3.7906418	10.303112	2.1190321	1.6733577	0.4963311	3.228596	0.5009188	0	3.3401446	0	0	39.919075	1.4923345	0	1.6083648	0.6968879	0	12.818503	14.6159935	3.3379397	1.6285634	0	2.9199224	0	0	0	0.3107113	0	2.859179	0.84343565	0.22262274	2.1235263	0.2136102	0.3916109	0.2831789	0	0.2952447	4.3537827	2.4929552	1.8285872	0.25731325	0.4295702	0
1126415_scaffold02595	18.974926	1.7384601	26.0885	21.284176	11.879976	22.825546	37.31448	1.0548141	25.27247	0.067210816	39.943012	0	0	26.72193	0.7152079	3.637656	2.0186672	17.627869	13.146661	1.0350891	7.357458	1.6377661	0	6.9998837	3.0956447	51.966686	31.413103	0.07294501	0	0.7414558	44.210915	40.326744	10.341059	34.105923	0.7114716	29.789814	4.021205	26.874748	20.678652	17.743376	0	2.6121535	2.7386966	35.676517	45.85019	150.87404	21.138866	39.12406	28.993258	3.2817163	42.903168	0	6.5292664	2.0580378	0.8326279	14.957108	1.7709551	17.325861	31.697565	16.911192	19.337872	28.365313	21.686945	1.3941952	20.366508	13.764673	3.53436	4.8898754	0.2717096	0.5923524	50.760727	2.388232	40.426807	8.707278	0.8506814	20.820951	113.03017	50.4994	18.837915	40.627274	18.851734	17.127281	1.6629139	4.8079047	0	48.237953	41.892723	8.709075	2.0233872	26.060732	25.255203	54.000805	0	17.407238	0	3.4317951	40.389584	23.981142	8.042521	4.3471847	9.646167	140.9503	3.4100628	3.042703	19.702621	1.1599249	2.109274	45.522102	0	135.78911	27.87062
1126415_scaffold02610	0.44969475	0.23783922	73.37784	6.560533	0	29.453547	8.652823	0.58792734	0	6.7430964	74.958275	0	0	13.215929	18.104353	0	0.4860671	2.47276	3.0869565	0.7788597	8.107613	1.6863708	16.741491	6.5580673	1.1092088	7.29296	1.4325454	1.244127	0	7.4016504	81.423546	21.310991	0.21318349	1.4618294	222.87096	0	18.827091	10.749866	0	21.864878	0.5160026	2.1839247	5.116346	35.967133	0	1.1117631	0.7797098	33.406136	13.214595	18.628426	7.882328	17.604584	6.232219	0	0.59668225	0	243.02689	2.005686	9.177584	7.0206556	0	82.52885	4.835107	0.4303883	0	2.9665408	1.5456649	2.0441217	0.88594854	18.477097	5.16152	1.5724108	21.487228	12.595803	7.526034	0.60257167	0	3.3841002	0.40211958	76.53254	4.419038	23.557865	1.5211525	3.245003	0	2.8775973	1.5388538	13.778527	2.1080923	0	6.439473	5.184974	0	10.591226	7.7579894	9.837247	83.55332	27.527119	11.09469	2.0524347	0.14337426	1.708509	0	12.569816	0	0.31032643	6.299335	7.0808077	0.5181227	3.1715827	15.925325
1126415_scaffold02696	0	0.32363647	41.225853	1.8379437	1.2440298	1.1758976	5.586743	0.24000423	0	1.0322524	0.662009	0	0	2.5048296	0	0.70944345	1.1574659	0.16458134	0.28640002	1.3247783	2.9639075	1.4562557	0.14728937	6.64015	0.6792033	0.55425453	1.3645215	0	0	0	27.186049	13.327381	0	0.9393275	0.22414531	1.0893444	1.0064492	3.8667572	0.72509485	24.190226	0.2633038	1.3372855	0.24173604	47.345856	0	1.3065232	0.79573464	37.161053	2.9603815	1.1495191	1.8139169	0.43820482	5.9888997	0	0.24357817	1.9143134	0.39665326	0.62981766	5.4454665	2.7465625	0	43.22297	5.921375	1.537318	0.7044989	0.20879377	0.6495307	1.1473732	0.13910104	0	0.4916427	1.108026	13.76927	4.7686696	0	0	1.2737134	0.5920544	0	29.889519	6.3138022	21.684969	1.0015584	0.17901054	0	0.2669762	0.5889302	5.1445265	0.9163448	0	2.2858498	0.5399527	0.5500295	1.9548007	1.1493046	11.712661	0.45196387	1.5887995	2.973641	1.4836868	0	1.2071233	0.72740555	12.461633	0.15167981	0.039588038	0.2009	1.5175301	0	0.7356286	2.8347604
1126415_scaffold02749	0	0.90070575	109.07032	1.3286083	0	0	0	0	8.246312	0	0	0	0	1.3649781	0	0	0.16734122	1.7211305	1.0627651	1.6088562	0.12498163	2.8135655	1.3415493	0.8533361	0	2.0032907	0.1479573	0.90703714	0	0	7.332489	4.137328	0.9541215	0.16775759	0.056710362	0	6.203928	1.2740874	0.5870533	3.5972373	0	0	0.39143002	5.0248313	0	2.2965202	1.1274285	8.108156	0.91544175	5.548267	6.2255383	1.4782528	0.8457122	0	0	0.12915598	0.11469269	0.902974	0	1.2085216	0	120.50903	0.59926003	0.8890341	0.14259459	0.63391584	1.4085935	1.6889809	0.91503245	0	2.84318	0.5026759	2.2364645	0	0.040067516	1.5558822	0	0.19972531	1.7651113	7.286267	1.7343602	2.385414	3.2435381	1.2681465	0	5.403751	5.960142	0	0.40320313	6.360114	0.43375227	0.43715802	0	1.1637143	0.06461829	0.33867276	0	0	0.11574652	2.5614395	0.7404048	0	0	0.18546365	0	0	0.4574622	6.0700026	0	0	0.9562862
1126415_scaffold02855	0	0	120.50866	1.7665908	0.1430793	0.2282229	0.37309158	0.12421595	0.22795741	0	0.30455792	0	0	0	3.0320487	0.18358883	0.08557928	0.795016	0.09881896	0.41138923	0.12783268	0.22839268	0.15246138	0.054550137	14.529768	0.24587871	0	0.5411748	0	0.9822887	0.8628038	3.6392689	0	0	0	0	0	0	0.30022252	0.9198242	0	15.226683	0.7506736	34.32423	0	0	0.16473532	31.584425	0.0851204	0	0.081635304	0.15119742	0.0480558	0	0.12606567	0	0	0.43462232	0.4509346	0	0	102.56769	1.2258604	0.6819859	1.020932	0.432251	0	0.21593869	0.71992767	2.2829232	0.43620563	0.23729669	3.8711238	0	0.8606121	0.21218328	0	0	0	0.37638783	1.120373	1.9518634	0.10367278	0	0	0.460585	0.40640688	0.35501167	0.12372026	0.3199278	1.6267054	0	0	0	0.06609235	0.5195977	0.62377924	0.44852442	0.1183869	0.09034035	0	0.27766916	0	0.7587776	0.942036	0	0.7278409	0.14960168	1.0946777	0	0
1126415_scaffold02909	191.65562	60.531452	163.10983	83.95106	39.429527	28.4901	190.37886	75.358795	1064.7198	26.101883	27.51535	60.086796	0.33368614	66.23711	18.599533	85.80436	56.41102	39.724934	292.67288	317.96167	20.517344	158.94086	92.494606	217.45287	19.39827	70.489006	25.307503	77.182335	240.22896	13.088661	108.46701	55.958893	28.26487	27.308628	84.49024	7.9677157	25.6215	26.02728	174.10666	43.53684	289.15482	17.932226	15.2057705	130.81152	52.732166	41.098892	178.26398	137.14905	28.956478	23.560453	166.46062	88.82791	211.50198	75.96237	65.28243	38.93814	87.86531	38.114388	171.8354	35.686028	235.23895	167.97873	20.211473	330.78888	107.17962	286.56177	20.166733	443.47617	77.97775	19.645714	67.95683	16.0091	60.21382	88.82267	12.493301	32.12806	17.449453	39.90175	34.8405	106.38385	19.50895	38.51929	156.24521	21.697374	0	87.22173	88.818016	105.717476	16.901596	1120.3105	79.565636	42.87853	1.1494408	37.366684	27.754066	105.949936	23.297792	25.50549	21.8694	444.84192	30.960075	47.929825	86.950714	95.35995	117.28166	21.551243	14.431891	160.37738	296.42044	49.501118	62.794674
1126415_scaffold02972	0	0	231.6966	51.812836	0	0	0.38035452	0	0.11619753	0	0	0	0	0	1.6049805	0	0	0	0	0	0	2.0024135	0	2.1688704	0	0	0	0	0	3.124402	18.94523	4.3140864	0	0	0	0	0	0	0	0	0	0	1.7856693	0	0	0	0	0	0	0	0	0	3.4783823	0	0	0	0	0	1.6089952	0	0	230.58244	1.0414368	0	0	0	0	0	0	1.3382348	0	17.297003	5.202182	1.7503343	3.8436968	0	0	0	0	17.72763	1.3325473	0	2.5365834	0	0	0	0	3.257304	16.18652	0.10871862	44.022247	0	0	0	0	0	0	0	0	0	0	0	0	0	0	0	1.4310188	0	0	0	0
1126415_scaffold03000	17.677074	37.99735	70.71219	9.463792	2.1980202	10.128497	14.328816	489.39914	1.6342384	718.1552	8.8115425	0	0	40.44382	6.50913	121.462555	41.544224	24.484629	61.735325	0.56176585	5.2367945	9.356336	63.86263	77.65587	4.8002143	8.561769	9.815853	231.6741	0	0.68408763	2.650922	0	51.356583	8.78641	254.66852	0	56.06336	72.54629	4.458358	0	3.9078445	8.0334835	9.738164	0	0	16.802992	6.411121	0	70.263916	53.150578	18.393497	61.62985	73.87375	10.0524845	499.7855	2.4352658	266.415	22.589766	11.083794	5.0637674	0	65.74349	3.6617734	0.9312747	0.14936967	56.11095	0.5902079	3.5384586	235.4981	5.3775296	6.7755575	101.7475	0	5.4949217	1.5529358	5.215381	48.94765	49.583916	5.873221	1.3877195	2.964195	0.19990014	11.413974	1.3283997	0	11.792705	13.943426	5.9991565	97.52302	1.0921805	10.147397	49.456295	0	6.338829	721.83	13.658417	10.061787	11.3307905	4.4861007	5.088715	48.861755	108.63122	123.68957	13.210738	0.32159546	48.346893	9.637195	17.619678	1.6816716	111.51845	43.875423
1126415_scaffold03349	0	0	70.79422	0	0	0	0	0	0	0.15429103	0	0	0	0	0	0	0	0.123000085	0	0	0	1.632502	0	0.2953884	0	0	0.10926182	0	0	0	17.75388	2.4747827	0	0.12388372	0	0	1.538532	0	0.32514036	0	0	0	6.991609	1.5902916	0	0	0	1.1465653	0	2.0816526	0	0	0.156133	0	0	0	0	0.29418442	0	0	0	81.77829	0	0	0	0	0.9361819	0	0	0	0	0	2.667903	0	0	0	0	0	0	15.40831	0	0	1.7964385	1.6054052	0	0	0	0	0	0	0	0	0	0	0.28631148	0	0	0	0	0	0	0	0	0	0	1.7751704	7.150555	0	0	0	0
1126415_scaffold03770	0	44.49093	55.863316	7.863855	6.623837	22.627886	179.41525	15.814043	66.353615	4.039727	15.509416	113.36684	0	10.3874445	7.3558383	41.221222	40.90643	31.547281	42.08826	1.745811	2.5151486	31.297289	2.6468174	1.3258305	1.0849253	12.141784	7.414594	4.026474	0	4.183694	9.217706	6.3669567	13.379799	6.4871745	8.525792	0	32.664555	2.0468848	195.97255	2.9571626	0.9463237	0.53402823	199.30461	5.9482617	0	68.00517	209.34467	6.1265235	2.8569624	25.106289	36.65917	4.724774	0.8898948	0	16.195438	6.268548	8.349864	31.941744	174.05328	11.587987	0	57.30776	8.394424	1.1839668	443.26794	44.14928	101.492455	10.371736	3.9161522	5.416491	10.433609	72.27622	8.349704	10.680687	4.3636394	20.505507	51.20325	31.681555	28.269598	9.235157	9.617104	5.0828204	29.45704	95.86221	0	204.80475	215.07385	9.039371	73.79075	64.551346	10.440442	30.27352	0	8.816473	4.7425914	2.004559	18.951042	26.73414	1.0961412	6.691672	12.095305	14.622171	38.16911	3.9518447	429.2092	27.7922	203.61589	38.005276	0.6334745	12.866866	10.641045
1126415_scaffold04049	0	4.3291674	226.13788	0	2.063992	2.01192	0	2.8371415	0	60.712666	0	0	0	7.6722603	0.91122615	1.9862721	3.4978206	5.2564015	0	0.65938896	4.4564586	0.38437948	0.1832778	13.180803	0	0.09852573	0.6064022	34.758507	0	0.6612675	18.988718	0.8139274	1.7145875	1.1000859	0.48809704	0	5.8064117	16.11311	1.8045264	1.7200471	0.327639	0	6.316829	1.7652214	0	0.5989631	0.990163	1.9090286	15.041842	5.2814426	0.49067962	1.0905501	11.611595	0	3.0309362	1.9056427	0.49357083	5.224708	0	1.6345297	0	207.05774	2.9472773	0.40991652	0	0.12990506	0.23092455	1.6873058	35.39665	0.9605265	0.34958276	2.1869974	0.10576315	0	0.3448547	1.6579617	2.1132407	0.982288	0.76598483	19.45602	3.367074	1.4078314	0.87239426	0.22274968	0	0	0	0	2.3796375	0	0	1.3437676	0	2.0031805	60.78027	4.580561	0.09373266	0.988502	6.6888504	2.606412	1.8207271	6.675866	2.5343878	5.2448416	0	4.679787	6.562174	0.089920044	0.32898515	3.661483	4.938361
1126415_scaffold04053	0	0.80555063	186.77988	142.79762	0.8601292	102.71519	43.287216	1.1947699	60.70778	23.894842	26.73066	0	0	71.93852	3.7155714	0	1.4405011	3.8234265	8.910835	0	6.455176	129.33617	0.18330604	31.546984	1.4088148	13.303023	30.870632	11.1541815	0	5.0075116	160.15224	41.61845	0.45127672	26.474897	2.1619058	0	14.119725	14.660714	1.4438436	120.913376	0.3276895	3.8833477	33.634777	84.08162	0	2.096694	0.7922525	86.34383	14.12309	15.516629	36.414036	0	32.471252	0	0.6062807	0.47648412	3.1029236	3.9844537	39.306873	34.181793	0	174.34651	1.2282214	0	2.2796018	8.185279	43.305027	142.14497	10.127254	2.5389254	12.4121	13.31421	40.090412	159.20618	5.1736183	0	2.377762	1.2280492	0	159.56396	1.3470372	132.8259	130.44304	41.99478	0	27.577574	23.576279	174.78873	15.271693	58.46723	150.77487	1.4783722	0	33.20068	18.673939	59.139988	23.436775	102.55041	7.9709225	129.47173	0.8194534	0	0	50.175777	0.9438504	0	35.503704	48.47437	0.65807164	1.0986142	83.25949
1126415_scaffold04321	0	3.7455986	95.5047	0.844103	4.266	0.28352544	2.0857427	0.6172629	1.4159781	0.17698884	0.3783578	0	0	0.4955485	1.0141301	0.68422717	5.2095184	0.4938314	1.1048812	2.044305	0.31761768	0.62422	7.0080047	2.9818196	11.936684	0.9163787	0	0.4802223	96.63228	0.048812605	7.99785	4.7314143	0.27977577	0.071054146	1.5853081	0	0.47063088	0	2.0513453	3.0472379	3.7245271	15.19043	371.3515	7.7530193	0	3.7139332	2.455844	5.69936	0	0.34112644	3.0425105	5.6350584	1.9701196	0	0.62645465	10.339121	2.040292	0.4724468	2.5209188	10.442195	0	95.56626	2.1574538	1.4120724	0.7247555	2.4164696	254.99252	0	0.5366275	1.4180584	1.2644478	1.375724	3.3882768	0.7998562	0.10182419	0	35.806778	1.3958038	0.13193248	7.4814944	2.0877895	5.6983624	0.7727674	263.4606	0	4.2342286	5.5537534	2.205187	1.1783661	1.7222925	0.3674337	1.8053039	0	7.9848843	0.6568617	4.5185394	0.48433265	0.18573667	0.2941484	0.44892582	0	14.14309	0.5612406	3.7705727	0.1950514	0.40726328	358.2609	3.5312047	3.0598602	14.000436	1.9441794
1126415_scaffold04574	71.500114	11.817412	160.93863	11.156202	32.669357	18.345924	126.58578	39.834667	517.86444	16.447481	20.901018	0	0	34.538296	15.258323	45.21591	10.209287	17.409628	33.0845	66.66758	12.462331	704.8318	35.593853	7.067422	22.245518	29.963211	4.4648175	13.388042	52.858395	8.618647	134.5998	29.85535	24.169827	4.2552824	23.66078	1.4464301	9.354534	15.0446205	30.231293	30.546541	164.31882	22.491518	3.9801123	102.1863	0.77918184	21.274126	30.64069	93.2526	16.15992	8.688341	54.767574	31.225834	8.321917	244.82123	37.517044	32.02697	24.904238	17.840448	126.96729	26.638094	0.97371656	169.90578	22.538862	61.383274	35.546444	36.733784	12.813483	82.68345	12.928874	16.47243	28.723314	11.059633	31.599936	77.90909	7.9905295	17.55556	14.986222	23.97694	14.712501	138.08464	21.677229	25.538382	711.6124	13.191794	0	23.632711	19.810183	68.99205	12.061414	537.0625	9.674537	23.659302	0	25.80314	17.973425	39.76883	21.904272	19.082344	14.274973	79.4968	20.594181	23.864164	49.451424	36.256393	30.21004	12.195068	4.734897	54.116463	169.55757	28.52159	31.366594
1126415_scaffold04804	0	2.1002293	96.40294	1.434861	2.454976	1.3052944	1.7234976	0.9836845	2.4069712	0.09401784	1.7083858	0	0	0.26323918	2.0009365	1.4538671	1.35543	16.039425	1.4346969	2.1719015	1.8559307	9.646269	0.40245473	0	2.7837913	1.4062747	5.858962	0.5101956	0	0.6223112	10.511802	13.739723	0.09907936	6.4165673	0.76557076	0	51.12556	4.1770816	2.7737575	3.372326	5.0361753	1.5225044	1.0568346	3.8762014	0	1.6440585	2.8265533	1.6302161	2.3592837	49.28885	2.1549401	0.59867734	0.06342683	2.878886	0.33277756	1.0461373	1.1612345	18.858406	1.7855089	0.16314633	0	93.12851	1.213471	1.0501453	0.38499576	1.4262749	1.1409321	1.425042	1.1402427	2.7871494	1.5352787	0.6785954	11.9604845	1.1330395	0.48680812	1.8203365	0.87007636	2.4266016	1.8221722	9.935569	1.4787333	2.7049913	7.389001	1.2228249	0	1.8237202	2.413797	0.46856496	0.8708969	2.815062	1.9518363	1.7704457	0	0.62838995	0.52339506	1.142992	1.23495	2.2692893	1.2500312	2.6232016	0.19990428	1.8324192	1.1925415	2.0029573	0.41445124	0.1081707	1.5095875	1.8758032	5.7792764	1.2060227	0.51638156
1126415_scaffold04928	0	4.820005	67.81085	14.914186	3.638509	0.91637564	9.238048	1.1637735	1.0678613	4.1949697	15.184105	0	0	3.2033002	4.0581603	0.24571933	3.4362361	6.0043774	1.1903532	2.9365995	7.3570447	0.6725087	0.61217296	3.066466	13.173747	0	5.1311827	0	0	1.3147168	24.339537	11.327621	0.100472935	5.664758	20.184805	1.5091997	1.5211146	19.933334	30.739569	13.131871	0	16.056753	3.081135	15.2315445	0	36.344578	34.616203	15.5868	19.025812	3.3076396	1.4204122	1.8212935	3.0873091	11.677512	0.50618714	4.2434053	21.353222	5.889794	6.3371778	1.323528	0	68.16604	0.9570858	1.8255697	23.815058	1.7356027	7.7131977	0.5780342	0.096356705	4.048557	0	2.0114863	10.244639	0.8617319	1.2067127	90.877045	41.321716	0.13670737	86.84667	25.692053	0.499844	12.0171175	0.13875793	8.184159	0	2.5891197	1.9038037	1.663044	2.3734555	0.28546563	14.844667	0.14961228	0	3.345449	6.103702	1.1590683	15.445276	0.70036745	7.922581	0.24182704	0	88.07832	0.40310493	0.25389117	19.332907	289.5324	3.339971	1.001151	0.3662852	93.35457	2.618223
1126415_scaffold04988	0	6.7755623	394.15652	1.2826223	3.472621	0	0.5030644	3.349774	0	0.2881459	0.6159838	0	0	3.2271023	2.8303714	1.2377256	5.423437	0.6125562	10.526295	3.6980245	2.2407496	1.9709258	1.0278695	3.8983414	0	1.2156274	0.27206892	32.211143	0	2.3310952	202.338	4.90707	23.381702	0.1542392	1.4860036	0	3.0648344	5.898925	4.2505064	13.367253	0	0	15.857541	12.374774	0	6.5263305	5.1088443	14.513023	8.952336	2.4683087	0	0.81547844	4.406186	0	3.229673	4.8093033	1.1072295	0.95229936	3.9521644	2.0000436	0	392.0058	1.9283947	2.7587018	1.7699026	10.490994	2.2016442	0.14558232	27.374495	2.0777977	0.39211023	1.1198707	4.507919	1.4468915	1.547228	7.152523	16.789772	0.68861574	7.589321	205.64262	2.7695694	18.422798	2.2366235	2.9981713	0	0.4968301	0.27399284	0.95737207	0.8897084	0	0.7975985	1.2057917	0	2.8888345	0.35646698	4.4371867	1.1564897	0	2.554064	0	22.566555	19.655996	0.60915023	5.882887	3.175526	1.9891295	17.244541	0.20171799	0	19.097132	2.3739095
1126415_scaffold05294	0	133.79808	98.22298	11.336731	0	1.2692966	15.821921	1.2089807	8.240831	1.6837436	2.4349031	0	0	17.19329	5.4318976	0	118.39563	12.396282	3.7097785	0	1.0664415	8.637638	0.21198435	0.3792362	8.797812	0.9116615	5.4006433	0	0	0.87410396	9.689513	3.2949412	7.723812	4.1352706	1.2903932	0	10.139635	42.580105	9.392252	3.8368077	0	7.0571284	3.0616567	0.2552132	0	1.6824605	8.932957	1.4720248	44.618916	9.544793	2.0431228	0.42045382	0.53453946	3.032782	1.5775504	0	1.2233105	13.0680895	13.793682	14.265012	0	101.79508	0.7101886	0	3.2446113	2.1035266	16.960466	2.7021964	0	8.411649	1.2130123	3.5193653	3.6698608	16.412111	0.7977377	15.488681	1.8331759	4.828605	14.47068	11.094694	0.38944542	4.2065406	8.216437	13.52603	0	4.354744	6.639614	24.187035	3.3831053	7.8586974	11.308964	1.8650881	0	14.729094	1.2865396	2.1673667	4.553383	1.1433297	1.9752808	2.1353774	9.055392	6.1771984	0	1.5825218	3.492852	4.84301	2.6745708	0.5200205	0	2.5409856	19.583485
1126415_scaffold05390	0	0.70572674	41.5258	0.57254976	0	6.9446554	6.5497518	2.6167848	4.001871	3.4014287	2.6733096	5.2910175	0	1.6806372	21.127684	3.351884	0.6009496	3.8281455	0.6939204	2.888832	1.4362539	6.800133	22.482702	4.44348	2.6330333	0.9208503	1.2043678	0.3257318	0	10.870882	29.827583	4.873365	0.42171142	0.88358575	23.705574	0	4.5223684	1.5687276	6.324612	5.5979147	0.76555246	1.9440705	144.78595	14.178205	0	8.547075	7.4034824	13.629565	1.4345454	5.1418653	1.1465088	17.83705	2.8346176	6.1267	0.3541002	0	22.98291	5.4172606	15.832625	1.0415994	0	39.240902	0.7173467	3.511933	109.5852	0.455299	6.474865	2.122892	0.6066518	18.676119	1.2252386	3.9436479	4.571781	4.521146	10.360006	4.7679367	7.7666554	0.57379687	4.9218936	27.38197	0.39337075	3.7006888	8.008051	5.8552976	0	0.51748663	0.570769	3.2408233	3.475123	2.0968058	1.45383	0.31398112	0	1.8387985	2.6918356	5.351408	2.4091454	5.8792543	1.9951901	2.53753	0.2127131	1.754848	4.4413366	3.996181	110.9133	0.2877543	137.5589	0.94547135	4.2278385	0.42776614	2.4726088
1126415_scaffold05442	0.22347826	30.612635	27.518307	11.123351	14.740583	23.512407	4.73885	5.960344	32.171307	34.280922	2.9012735	105.273735	0	6.755378	0.98748183	5.1819267	27.17479	35.823692	32.494602	5.612349	2.5257185	41.709164	3.0123327	6.9287257	0.33073643	19.663628	20.858997	11.565393	0	1.0535808	13.206959	12.422071	1.377255	21.793922	4.6660357	0	33.949734	19.17939	10.592495	25.9627	0	2.9303458	22.318344	12.175086	0	24.460539	6.974659	13.945145	15.616801	32.81029	43.319244	1.066914	7.5280733	3.0783095	5.1595263	13.796121	5.4633675	37.33929	4.454784	13.955812	0	27.203453	10.380237	6.256101	65.24888	26.688803	15.995108	60.79788	11.887479	0.8860109	16.826698	9.6560955	11.050691	3.9374604	0.46269324	9.2829895	15.195677	59.966286	10.191611	11.57996	7.7740707	27.270908	40.74788	17.651672	0	19.110502	21.364971	6.262787	8.904838	31.906681	13.565774	54.42623	0	9.40687	35.81768	7.3330097	2.5309513	20.044882	2.0049334	59.413174	2.4581463	22.924429	4.675551	6.4251137	60.934605	15.383286	23.111813	42.33172	0	23.427101	6.625823
1126415_scaffold05662	0	0	180.95929	30.380062	0.61910224	0	1.3453021	0	0	0.41096747	0	0	0	0	1.1774031	0	0	2.0476332	0	0.19778621	0	0	1.7591959	0	59.151993	0	0	0	0	1.0200841	0.28718007	17.456053	0	0.16498747	0	0	0.1366004	1.7453182	2.3816082	11.792792	0.39310625	55.237473	1.3714432	203.05743	0	0	3.0888329	215.30528	0.24554327	0.13201573	0	1.7446114	0	12.584084	0.18182819	0.5716047	0	1.4888126	0.32519802	0	0	177.26854	5.451623	0.491824	3.1553996	0	0	0	0	2.2225904	0	0.11408664	14.593066	0	0.9457416	0	0.05282288	0	0.15317337	0.65145004	7.137098	8.023404	0	0	0	0	0	0	0.23792711	0.15381373	33.487305	0	0	0	0	0	0	0	0	0	0	0	0	0	4.7555404	0	1.8746179	0	1.5788856	0	0
1126415_scaffold05847	0.46521512	2.5835018	91.56194	6.1881075	6.725589	1.1174846	0.82207274	0.36493114	10.547943	7.4292502	0.55922097	0	0	2.0508077	0.4282589	1.8877647	4.1484528	6.423062	5.370881	6.6473594	11.454477	7.0453897	0.89582545	2.8045774	0.3442473	5.4177094	4.0013647	0.7949524	0	71.51119	14.526417	27.599562	0	3.6966884	1.1928607	0	38.81462	8.203925	3.0870585	7.9568605	0	0	20.436579	28.310791	0	2.5093822	2.9038322	30.066404	6.2518306	45.713432	8.514123	0.22209968	3.8825052	1.6020306	2.2221923	2.910751	1.5508775	6.1449213	1.6559877	2.3604617	0	91.43843	10.954339	6.6786346	0.85696346	7.619401	22.574266	6.502613	1.7977997	0.33534735	5.766833	4.1247945	24.684326	0.6305092	70.132225	10.129735	11.566441	0.60015357	10.763948	15.370356	12.480338	8.171426	5.710834	18.508854	0	11.772334	11.044252	1.3037255	4.3616977	10.965599	5.647979	0.9852104	0	2.4477873	6.3105626	19.84468	0	0.6588547	9.912475	4.6446543	0.11124191	18.354548	2.6544824	21.177353	1.845057	3.8524408	18.175608	6.702547	1.2060106	13.869866	4.022955
1126415_scaffold05884	0	1.6056582	101.5893	8.617572	4.2201767	2.4682238	388.733	3.6637955	19.83488	7.878947	216.26689	0	0	24.413233	2443.111	0	2.9028218	2.0099392	0	1.0111731	5.2786613	1.4820359	4.047214	1.2067324	1.7280681	16.438509	2.306197	0.45606145	195.2855	1873.2764	66.460304	1.4977895	4.760453	1.8556802	7.1855707	0	11.0341425	3.15732	693.8029	7.837715	5.627267	3.7426388	988.68695	7.579509	4649.2856	12.176819	700.4146	6.765768	2.6361907	6.88423	33.830482	5.351548	0.85045415	0	3.346518	3.7015848	7.2661533	2.0831437	408.3248	1.640652	0	92.58374	0.30131003	1.6762855	272.09033	0	817.74054	1.433068	0.21234533	2452.954	17.905249	2.9746404	1.8165036	77.54392	1842.7024	2.1904485	22.846619	7.531694	2.349276	64.61188	0.68845457	11.802041	1.6053802	842.3528	0	6.928414	6.892595	72.25129	1.885407	23.276428	6.760857	6.5941377	0	1.7553588	6.8229637	5.364004	210.08902	1.6536742	5.5869846	0.6661556	5.695855	26.003105	0	13.708013	257.48083	113.493744	1016.4301	34.8592	2.8251934	39.75339	22.791058
1126415_scaffold06135	0	46.24557	69.44524	59.865772	9.282145	33.054726	207.98547	0.93702346	4.298994	5.0510774	2.182562	0	0	55.065243	4.222573	6.370554	43.51126	151.04391	5.5162644	10.96505	22.950489	23.362267	3.2202604	44.524208	43.842144	7.295495	63.39557	2.5660512	0	1.7190964	24.532278	6.767443	15.062976	63.423042	10.413775	5.103616	7.287204	3.0895321	81.530266	50.883778	1.6447833	37.591373	12.608964	11.077003	83.394905	34.09564	74.56088	9.58353	2.1831605	7.042626	18.474485	4.1060095	50.388763	51.007267	1.1411722	10.961653	10.9730215	151.3882	223.14671	90.63365	8.016594	70.435165	17.723957	9.431699	63.151512	5.217099	28.402025	9.9365	4.453237	5.7691154	6.0326176	141.05582	5.1766887	77.70916	1.6693792	64.98458	30.942032	14.177177	65.05012	22.941406	18.029947	42.993755	26.5117	30.751255	0	11.118158	15.328658	77.39512	141.61034	4.987645	59.793518	11.9739	0	86.91416	3.7891157	56.442055	2.3527405	35.300617	21.96908	9.677056	17.137962	7.1216335	5.907061	50.369812	59.455643	1.1746519	13.020259	15.573588	0	8.041706	50.762745
1126415_scaffold06370	0	107.05147	26.273264	43.007404	42.424572	12.388743	62.19115	70.991066	5.4283624	7.9889436	4.3280773	0	0	20.223238	0.80622953	78.97465	113.46525	14.918574	13.663633	50.77292	4.7134237	10.105505	18.504202	12.319599	3.2403572	12.087996	7.904864	5.701172	0	0.24145854	12.643689	8.191616	65.04569	7.820419	16.575035	0	3.2010593	13.299436	49.813885	19.470066	0.8374502	8.861041	1.3070499	8.177876	0	30.837881	55.173	7.8614264	13.338816	3.9373386	13.921448	13.937312	12.477165	10.0531435	71.85452	36.12548	17.842268	13.688293	74.12773	47.096127	0	25.810091	42.217785	45.75187	79.54456	16.601961	1.6231782	12.938337	6.968075	0.8768286	14.74339	12.577495	6.8934712	27.696222	0.25184396	28.523485	9.114988	11.769106	22.515491	16.191124	50.203365	19.041737	9.397237	0.9963651	0	11.604783	10.14607	33.54294	10.707539	3.2767563	43.39433	12.880088	0	38.03547	10.0524	23.682055	4.1926866	11.484662	4.0013795	13.046471	72.133995	31.354391	66.39882	22.4403	82.97707	8.813814	1.7571731	14.249893	0.4204455	40.476837	21.638613
1126416_scaffold00140	358.63486	42.7932	116.50603	52.92564	21.66691	32.20748	31.664913	127.799934	127.47673	37.29645	52.78941	305.38837	34.926308	158.16856	16.000486	174.8035	39.471474	99.553474	104.433205	157.16977	70.18882	31.444021	94.61417	32.543316	56.94391	15.777858	5.0551567	133.46796	196.93585	3.208351	102.83727	25.444311	48.015926	5.6467466	60.10818	232.69576	293.72852	95.030914	44.534977	68.48252	246.55882	51.320374	7.4422297	43.82836	0.30060333	85.92254	46.67249	42.350685	98.04425	259.6142	53.893032	94.57802	28.871098	120.08701	119.284355	21.769741	56.529835	92.50014	33.529476	78.91119	94.10123	122.739456	6.62262	150.46889	40.852062	112.91871	9.506461	43.466713	129.84511	14.602279	15.218758	20.50186	27.14686	70.15029	2.9407287	39.875645	61.21415	148.30566	36.6837	103.8621	6.653385	69.18514	34.92619	8.413407	156.1642	29.722555	31.701874	65.487595	22.32727	125.631256	60.26686	158.29482	253.58044	71.243744	37.384895	55.15607	53.11485	30.649693	69.42578	40.25912	44.11031	31.227001	166.07584	55.94993	40.131496	23.270405	7.628373	52.04639	239.98758	33.72631	150.44
1126416_scaffold00185	0.48331288	14.10555	135.87859	46.151886	9.250135	31.810219	14.544779	8.030613	6.230249	9.961598	7.161846	2.7178693	0.2751647	37.741844	4.675694	6.3166	15.5771475	11.376284	68.19169	11.148455	15.6776	9.429757	7.826129	11.563908	6.2424293	41.84397	14.66856	12.591951	2.5693636	1.7334515	75.33791	12.540139	9.143994	13.981312	7.8862333	12.514949	22.914982	12.4488535	13.078512	31.449179	23.972883	8.449883	15.677225	25.872496	0	12.136384	13.667003	28.298487	13.320735	22.425259	17.147045	7.8032	12.080626	19.367012	9.1646	8.467157	7.1283817	12.13482	14.889357	21.504684	18.324133	134.34805	15.8164625	11.637667	4.2491636	68.33383	11.832827	7.7292185	12.964296	4.3232403	44.540443	8.241302	10.887663	64.84868	1.500989	6.917743	12.478761	83.01061	6.4237823	72.959114	14.766301	32.901154	9.564711	11.208281	0	27.65556	28.21958	60.679043	7.9756804	5.237445	45.01303	85.79101	0.31595108	25.23195	10.2512865	11.82215	6.4039516	29.432873	15.833106	6.2165427	8.384037	18.721874	7.980752	10.947961	4.66139	6.6515636	15.074404	16.209623	21.03398	17.24061	36.20385
1126416_scaffold00191	0.17775382	19.766085	1.2110145	2.8220391	0.68259704	16.780281	5.0256867	5.2637234	5.2137475	15.412608	17.350206	10.99542	0	3.4701939	4.9253607	2.1123645	19.765472	12.079688	7.0438924	1.1160108	13.703893	5.166018	1.0268567	1.7757938	4.1432986	15.088367	10.249156	1.5621068	0.12993282	1.8083469	15.123889	3.3726614	11.4602375	8.490847	9.457427	0	13.475171	36.231144	15.797314	6.3959627	0.22945926	3.17246	6.8676386	5.923736	167.73698	13.173631	14.05397	6.1896873	35.83139	12.68899	29.782427	1.909394	1.7936437	0.30605957	6.4034514	0.6302283	8.82277	12.044475	3.6065931	7.2846403	0	1.7369578	1.0607185	1.531102	4.6250443	6.6717143	3.638837	6.847746	1.4748589	5.54174	14.689642	5.4384513	2.9134333	0.54204965	2.1046407	10.271621	8.653832	11.379628	11.623107	15.653897	1.2838557	5.751451	4.9168863	4.1860237	0	29.004898	27.97105	1.0460937	5.474184	5.0876637	2.1165333	11.073568	1.9173193	6.6805277	15.505872	3.7426171	17.286488	16.237326	12.5916195	5.9324813	11.433676	20.41586	2.4088438	3.6731813	5.639816	11.75282	7.922221	30.920603	0.3840033	19.873241	4.1722074
1126416_scaffold00210	0	3.894825	2.8801863	16.589142	24.078941	0.2653391	5.4220996	12.058849	3.2466228	15.300638	1.6155291	0	0	7.8259873	1.2541416	4.802538	3.1341603	5.59538	4.1360407	17.178726	7.9141355	2.80141	2.1270766	10.020628	1.3623196	1.7390199	1.8620723	0.29212242	0	1.3590271	62.79163	40.786102	7.462153	2.1611354	1.4330426	0	15.828419	13.311102	18.54318	44.41049	1.3467176	1.0729102	0.97457814	29.929817	0	2.544715	19.870867	28.874226	11.776674	14.844909	4.5794926	1.4062947	10.294265	11.72873	12.714766	26.7624	1.3468231	6.016294	4.5873685	3.1257293	0	2.6214087	15.083616	21.243063	32.853565	3.4550214	1.032937	0.9100819	0.31387895	1.0948567	1.2044727	4.345245	39.253174	9.606399	0.98866296	20.6912	3.448933	1.8406556	21.267683	63.714592	14.816857	42.37913	2.6366644	1.184873	0	3.66811	4.252512	8.35814	3.8837082	3.3166263	16.50553	2.534258	0	2.2487307	16.501612	42.689777	1.3824607	0.10863928	8.3616495	0.997809	7.9240904	3.6721551	5.3399463	35.176872	35.640953	2.394035	1.1786505	4.34829	0.71589744	5.3117833	6.083862
1126416_scaffold00232	47.246746	4.431802	53.61186	79.75061	15.827037	18.376825	18.683205	6.9816217	20.683952	48.981495	19.89493	0	0	76.56133	14.590809	6.366861	5.6543417	42.23955	5.9382353	11.88915	14.675544	75.68326	5.7887487	16.928337	4.063648	13.991262	89.88313	3.3051918	134.12971	9.691126	196.04094	106.423134	6.149328	86.74463	5.1503377	25.957657	46.011044	91.49973	23.875145	51.424202	0	3.7935443	20.826687	149.31685	0	75.725136	26.595095	158.73154	91.765724	43.72796	31.923233	6.373597	17.283535	10.4337	6.7840714	14.889246	6.0498085	43.62638	14.222865	79.30507	11.800848	57.41607	31.060024	9.277007	41.772007	6.073723	17.20038	46.74015	3.0778396	13.855062	14.388618	7.1889443	103.21302	7.1861615	9.164544	74.441536	37.566395	7.6646733	74.421364	198.74515	29.19673	51.234802	71.829956	18.835064	0	24.06979	23.75357	8.968513	7.792158	22.509018	87.36234	6.149122	0	76.008896	50.08991	6.2136726	19.371492	18.236694	12.706304	45.536587	6.090294	38.60128	5.447554	6.9755864	41.869926	14.002958	20.734106	29.80971	0.3272709	39.702206	80.29809
1126416_scaffold00233	756.31537	199.18721	463.66568	1302.7808	79.08386	163.83337	579.02246	236.68599	435.72714	42.322342	63.674904	602.7697	902.0538	163.26352	86.90574	451.6776	186.40903	144.87398	709.7926	1284.8181	213.61934	157.92885	301.98892	160.15251	148.16751	163.49788	53.53864	653.80493	2725.286	11.743025	200.21004	241.8725	133.1942	57.631344	1023.9493	742.0168	102.39372	445.6131	832.2737	172.90552	691.4817	152.71733	17.119307	380.31573	1097.4509	185.16867	846.6218	373.647	440.72745	100.27545	108.2489	303.97693	147.04141	347.54675	223.67947	75.63278	954.7521	140.18175	584.6814	193.0229	1113.6025	492.2793	60.3569	1235.2932	185.51697	739.6117	35.565323	451.6968	636.35406	89.003174	161.78236	119.280975	258.87952	537.08795	13.330267	194.60635	107.21387	127.89945	184.22278	215.06491	57.628483	159.60164	169.69966	35.05691	3122.6416	135.0839	137.3769	533.3861	126.37228	421.0582	1338.5254	135.31052	414.80557	187.11641	40.99332	273.16357	65.18438	168.19061	222.63058	428.55606	129.30003	85.52795	434.29526	286.7703	186.47195	44.389587	19.983843	102.01449	648.33563	85.18133	151.62102
1126416_scaffold00258	15.067204	0.212504	30.009571	0	0.18152146	1.2064217	0.059166603	0.11819248	0.86761326	78.33	22.193031	0	0	0.12651573	20.823915	0.29114375	0.48857623	14.228728	0.18805405	0.13048005	159.05649	2.2021503	0.09671215	0.55365217	0.14865796	0.4939062	1.5359365	0.073561735	0.44054735	5.358692	13.830097	5.905539	0.19047466	1.4875162	0.036794197	0	16.67139	30.08377	0.19044276	3.3063872	0.086444385	0.073173285	5.74592	2.5615513	0	0.21447013	0.10449798	3.4697871	28.455454	16.895674	0.724982	0.09591037	0.6858822	0.3459063	0	0.25139272	0.018603414	14.577518	0.07151131	0.39204988	0	29.726898	0.7128098	0.072101675	0	0.13709676	3.533778	2.294386	0.022833899	20.346458	0.96845734	4.5408816	6.6971006	0	5.4981894	0.100947045	1.0686531	0.35635492	0	13.609169	0.44418502	2.7239137	1.8249415	3.820073	0	0.84728384	0.83784866	0	4.120229	0.54118025	0	0.46090212	0	0.33976275	79.405815	2.581874	20.921967	1.3514528	156.01483	1.805151	0.26420972	2.7301123	0.4298617	3.369254	0.09959498	8.292096	5.5898395	0.61683786	0	1.6905823	0.31022355
1126416_scaffold00288	0	1.0159392	2.3157659	3.38847	1.2053026	12.406882	2.891496	2.4276423	0.72972065	5.1606083	3.8227463	0	0	1.8145394	6.306918	1.4846935	1.3841693	1.5882002	2.8636377	2.95727	4.135161	1.2621337	4.931856	3.5108197	58.751537	1.408475	1.0028642	1.6672428	0.15601254	1.8667991	327.81042	80.05112	1.1635717	1.0407099	0.8404385	0	1.5956475	2.1955547	1.4162849	44.45984	0.36735412	60.7144	2.5632014	25.172878	0	1.9787244	1.3877333	25.566292	1.950392	1.8196702	1.5679499	4.7890735	4.0968084	24.621891	2.5487509	1.2018584	1.1660919	1.64757	3.3428397	3.2904592	0	2.3239481	2.8570457	3.4853377	17.987019	1.9662969	1.1003942	1.6371645	2.1590276	6.480978	1.2248682	1.2260482	78.11677	1.9525445	1.8780466	2.0019283	1.6783245	2.2371316	1.8965929	320.21515	3.271855	47.716232	1.5720146	1.5921595	0	3.103981	3.3208716	2.3925	1.4035255	1.1139656	2.1427128	2.7496433	0	2.6470692	4.877245	21.535336	3.6520362	11.058053	4.986468	1.8569105	1.3014107	6.643016	1.6237694	23.45848	20.262562	3.7972088	2.0846574	1.6635265	0.645511	6.106654	1.6479076
1126416_scaffold00310	0	0.17520969	57.23191	8.386618	0.29932913	0.42440346	142.70625	0	19.751543	0.09934912	0.07964382	0	0	0.97358155	0.020330768	0.19203857	0.14919683	0.45540375	6.2364836	0.19125491	0.26743242	8.807613	0.26579744	0.28530413	0.98054874	3.743621	5.8570104	0.053912625	0.16143626	8.93239	46.051388	6.226573	0.15704648	5.464219	0.14157192	0	1.3539182	0	0.6280807	3.6704597	0	0.723977	535.92377	12.800004	0	1.0795983	0.8041474	15.38087	0.14839683	1.2127349	9.820148	0.26359388	0.23458207	0.3802666	0.04395596	0.23030385	0.2045137	0.26519847	137.73318	1.7670747	0	60.67343	0.035618916	0.15852767	3.2546153	6.8198614	13.730771	2.0705423	0.100408345	0	3.447465	4.081813	5.7058225	42.6534	8.716435	0.3329236	0.0638482	7.194012	0.5924611	44.93557	0.03255385	4.4236803	9.21777	12.178656	0	2.92282	2.2318373	42.767277	4.644543	20.079155	8.5078745	6.3530564	0	1.5770541	0.023044756	0.30195132	0.027187036	0.4952328	0.041278567	2.7404506	0.2640498	0	0.21002741	0.26456687	2.7919483	0	529.76575	10.458558	0.09542172	0.053100422	1.023118
1126416_scaffold00321	2.1418314	28.439095	17.294256	7.4973145	7.639228	3.953414	29.348719	194.6296	66.12912	5.6034665	3.956801	10.191423	564.07324	9.867784	14.030107	14.441755	32.776485	6.710693	9.039717	13.422883	5.869661	4.633813	11.233411	5.7667847	9.843067	4.9885836	1.8314388	7.1822658	5.6032567	1.1048611	295.20328	5.8141255	55.925087	1.8322324	11.272812	7.625858	5.9668117	4.6053553	16.670527	7.312061	63.737114	9.443667	2.1019545	19.142921	7.1349416	6.4986153	14.776401	18.653393	4.847693	6.2226615	6.450783	10.655922	5.3197064	11.645818	201.97018	6.5359163	10.3971	6.748837	22.792046	7.963612	6.2143836	16.680529	6.8359528	16.749657	13.497506	10.731531	4.7521086	6.725428	7.021354	13.265571	5.123735	3.5475	5.8874016	9.854373	1.4732993	11.555375	5.944345	9.489007	10.1684	301.84097	6.5135674	7.572815	4.3913007	3.5615766	1.5371511	4.72154	5.3161817	13.015512	3.6697884	60.46833	8.895786	9.588985	3.647778	7.4141526	5.646039	16.830233	5.245467	3.3792474	6.7001147	8.135491	56.14817	6.572502	17.04526	15.597247	12.462425	19.953543	2.5536947	6.1503515	73.35043	6.179642	10.374836
1126416_scaffold00342	1.3383123	3.877625	9.337989	10.186667	2.6813672	6.5412874	6.100772	9.265797	51.892475	1.1255399	22.466467	5.2605696	0	10.113741	8.827534	7.892989	3.7107356	8.305012	7.9523177	8.969351	6.5762644	6.2608075	5.210173	3.2272387	3.875153	4.9391575	9.6202755	6.8464575	29.773338	1.8625084	47.605583	30.975218	3.8618321	9.877881	4.326767	35.633747	4.872199	12.587053	8.991045	4.731972	30.245579	4.154003	11.76926	13.0174465	0	23.919115	7.8088264	10.892776	14.169066	4.103274	4.949614	6.055921	3.05493	20.839146	9.264803	1.9902309	3.2976325	9.183098	5.965205	13.580966	57.73889	10.786983	5.4805226	8.604006	13.183879	8.418239	5.647022	4.443527	6.2696967	8.179095	5.369643	20.273277	29.484146	4.57399	1.7769675	74.73303	19.177055	6.0052094	73.75477	51.45029	5.3519907	4.5902753	6.91434	5.072624	0	7.1083436	7.0935564	3.7178924	19.700274	54.62644	9.455288	5.586276	22.594751	13.6022835	1.2871715	6.746231	20.256746	7.059555	6.612362	3.8839805	3.8401957	12.754017	9.462383	7.179614	13.557932	44.28502	12.703969	4.6451797	28.559721	14.661813	10.710485
1126416_scaffold00370	45.93955	7.069372	172.16124	3.9268847	4.2977962	7.6073895	4.4685636	2.9282691	2.9903	15.411229	5.32684	0	0	11.830139	16.095755	1.047079	6.4428163	34.914013	3.2688987	4.014804	13.463674	19.504456	5.1593122	31.73432	4.7226396	4.4563327	22.268192	8.789267	0	62.55241	43.68252	69.090706	2.911375	23.81292	4.3447647	3.001191	19.049572	12.104168	4.337793	80.32389	1.6580878	5.000094	8.4486	79.35268	0	3.0311816	4.6351132	82.05185	12.0721445	20.359127	2.4211102	5.0590506	32.268475	12.440289	2.3487394	5.073102	4.460396	33.5054	6.000999	5.4519267	0	178.78981	6.1758795	4.667559	2.9945698	3.4103274	4.2363324	13.834782	8.896397	15.364079	4.45049	21.774637	63.960842	5.7937284	61.830353	3.1867661	2.631852	11.883988	2.9880824	42.790627	4.3664494	79.4842	19.689838	5.8829546	0	4.90354	4.6744266	6.479265	19.71046	3.6087992	3.8235521	12.070755	0	6.2454405	15.831923	53.276592	5.6626043	9.180774	11.88364	15.319993	3.3113468	9.132416	1.7750013	53.15743	2.5073068	3.8329175	8.124416	3.185418	1.560844	9.149052	13.909038
1126416_scaffold00378	9.125188	7.7541337	66.25194	2.0360458	1.4291586	132.2181	0.5733314	10.928062	1.8828794	26.079922	19.071629	18.525934	0	3.0648813	3.225712	1.6927304	8.350888	16.951149	5.732546	0.8955934	91.73796	54.27782	0.64429224	0.7125331	0.7202567	21.8834	78.93244	5.3758655	0	3.0491645	23.330288	4.421961	3.0281377	74.44411	2.139241	3.8987596	12.73462	26.42662	1.095714	3.6907997	2.8270905	0.62042564	5.421747	14.526356	0	0.24610747	1.0125978	12.608493	25.081837	13.784079	6.617451	0.52277786	0.73847556	0.8379683	10.26746	1.2687632	2.2533662	17.177193	0.7795722	1.5196038	0	61.07627	2.9434137	0.6550067	1.0645907	6.1442385	5.8670197	165.95845	5.5592375	3.310843	22.707058	68.312004	4.3601794	2.2261374	2.86543	0.3668208	1.1255842	4.5126014	1.0607733	22.239357	2.4031813	4.0867324	56.15833	7.047459	0	32.69957	34.42706	1.5684503	66.700935	1.9665378	2.102075	5.7974663	0	1.6918976	24.95945	0.39923403	19.32106	128.63118	90.46253	165.0646	2.5893168	2.5068352	1.3884703	1.1660168	1.9301744	2.4086528	6.051755	7.5290136	3.1541176	2.6913192	3.8327813
1126416_scaffold00387	0	1.844865	177.14537	1.5754973	3.1517766	0.20579736	1.3697549	2.4962294	0.79286635	1.4039675	0.117699236	0	0	2.3123224	0.045067824	2.5541859	1.7528642	1.1192364	2.4059389	5.6704717	0.98804253	4.9957695	8.013136	2.3821993	1115.3346	2.2488568	0.56534374	0.059754867	0	0.015184585	64.58449	455.2579	2.4369078	0.8399318	2.151955	0	3.989495	0.7554226	0.23204757	16.470325	2.106587	1100.4894	0.09670159	47.172035	0	0.05501559	0.127327	48.48343	0.69080704	3.9970868	0.37858468	8.998474	2.9157434	1033.8763	1.6077353	3.5736506	2.9694536	1.0287787	1.6555449	2.7706513	0	180.35397	15.870462	5.5347557	0.112728186	1.5869508	0.33406916	0.5841606	0.16693366	0	1.4047977	14.092082	457.71774	12.44093	0.04751308	0.3690009	0.4387561	2.3683934	0.61562175	64.46724	16.561432	15.991494	4.607511	0.1074143	0	2.6343608	2.4344256	13.445362	14.152603	0.7830476	1.4287623	2.8943615	0	3.0819151	1.3026422	20.816618	0.060266323	0.43334112	0.73202753	0.6284317	2.8388364	1.287694	3.8409863	20.160023	0.12135286	0.30089146	0.14064045	0.49142718	1.5864315	1.2948024	1.2095876
1126416_scaffold00433	4.803218	1.2875876	25.235949	0.28232658	0.4161635	0.53737324	5.193372	3.4581304	1.2313633	10.685122	70.551125	0	0	2.486187	1438.2858	2.1359615	1.1379097	272.20258	0.9444028	0.22791915	5.94907	8.104556	0.3801021	22.689194	0.3895078	0	32.719215	12.817449	0	36.99544	88.027985	5.486046	1.7779521	33.93704	6.917182	0	251.30765	14.774726	0.8108598	50.23845	2.8312273	0.38345155	30.214445	20.287567	0	1.0647402	1.095206	23.388361	14.465921	256.83087	0.033920884	0.87955207	22.863382	0	3.8239205	0.38423547	7.6527987	269.42233	6.464305	0.8731486	0	26.305994	0.63670784	0.283377	2.7270958	2.1552937	18.558044	0.67294705	12.504153	1431.239	0	167.0299	5.6663737	1.7835159	35.47044	16.927841	6.1022673	2.1220615	16.768402	84.86029	0.4267399	51.622257	7.409388	18.401537	0	0.91862905	0.80212826	2.655243	168.58368	0.886237	0.12289532	2.0901423	0	0.59348875	12.11097	10.1473875	68.91243	0.559109	5.952209	0.86337364	1.4160107	1.3845162	2.5654767	10.246772	2.4790714	4.512191	29.465374	0	2.2742877	1.4554391	2.5197902
1126416_scaffold00456	0	14.440676	5.851832	7.5789747	52.325874	4.7934284	13.024943	9.783532	1.9410211	8.309602	1.0373049	0	0	13.840681	1.3653439	11.333415	13.116492	4.085837	20.699121	30.592115	14.857683	3.7533236	1.5578213	29.053583	7.8820763	45.71066	2.5556674	0.5266306	0	0.90331554	58.631817	19.781742	2.460896	3.2872815	3.6301286	0	4.556303	12.720919	7.8607664	86.63236	1.2763942	6.7773046	20.837482	36.806675	0	6.2123	6.5225315	38.838017	13.336075	3.9357657	10.183385	1.351793	27.579239	2.3215806	10.143905	56.410206	3.5459805	3.6082215	10.942964	28.102045	0	6.625395	109.46859	34.26131	4.0360694	20.05899	6.379127	3.5394657	0.39845452	1.7980824	46.520622	0.69035244	18.391298	14.710595	1.0817487	11.24675	4.646442	32.875107	9.313924	57.623783	107.95872	87.79413	3.906201	7.0999637	0	19.530602	18.51362	17.608204	0.4564986	2.1339052	9.947635	29.315777	0	22.955503	6.865743	22.49015	1.6598065	3.7236364	13.558214	5.423098	2.3536088	19.682869	13.078917	18.494244	5.080148	3.87304	21.2484	14.1077175	2.2137392	19.126945	15.490771
1126416_scaffold00491	0	0.036900222	0.28167605	0.17962094	0.12608105	0	0.1643836	0.27364683	10.746834	0.12554115	0.20128167	0.99594223	0	0	2.800286	0.80888975	0.037706107	0.07506062	0.26123694	0.060419165	0.39426023	2.8780031	0	0.21631238	0.2065095	1.9138972	0.15557933	0.06812595	0	18.004272	19.563108	17.227835	0.03307494	0.1007998	0.07666947	0	0.25036982	0.32809526	0	1.8012142	0	0.40659723	28.774874	10.675203	0	0.06272274	0	10.262116	0.18751964	0.12098337	4.783797	0	0.1270399	0	0.11108869	0.2910203	0.025843093	0.04787349	0.19868112	0	86.95713	0.07791581	0.22504678	0.150241	0	0.57134753	37.494442	1.6174185	0.063439816	2.5649242	2.1141071	0.06970172	17.947683	0	16.936905	0.04674382	0.08068091	0	0.04679096	20.231981	0.2879536	2.5369651	2.8320408	39.759335	1.0872768	3.1657555	2.596403	0.31283525	0.054510966	11.135819	0.13031346	0	0	0	0.11648077	0.99204725	0.06870905	0.09880961	0.2608055	1.1145072	0.13346516	0.12234062	0.5971461	0.91936994	0	0.23471391	28.495209	4.811743	0	0.20129888	0
